,state,zip_code,num_tutors,av_rate
0,alabama,35004,1,$50.00
1,alabama,35005,1,$40.00
2,alabama,35006,1,$30.00
3,alabama,35007,4,$51.25
4,alabama,35010,1,$40.00
5,alabama,35014,1,$35.00
6,alabama,35016,2,$35.00
7,alabama,35020,2,$47.50
8,alabama,35022,3,$38.33
9,alabama,35023,2,$35.00
10,alabama,35040,2,$30.00
11,alabama,35043,2,$35.00
12,alabama,35046,1,$30.00
13,alabama,35051,1,$45.00
14,alabama,35055,5,$42.00
15,alabama,35071,1,$50.00
16,alabama,35072,1,$40.00
17,alabama,35077,3,$48.33
18,alabama,35080,5,$47.00
19,alabama,35083,1,$60.00
20,alabama,35094,4,$37.50
21,alabama,35111,8,$40.00
22,alabama,35115,5,$43.80
23,alabama,35118,1,$30.00
24,alabama,35120,5,$41.00
25,alabama,35121,1,$40.00
26,alabama,35124,8,$44.25
27,alabama,35125,1,$50.00
28,alabama,35126,2,$42.50
29,alabama,35128,2,$40.00
30,alabama,35151,1,$50.00
31,alabama,35160,3,$45.00
32,alabama,35172,2,$37.50
33,alabama,35173,5,$38.00
34,alabama,35175,1,$40.00
35,alabama,35179,1,$40.00
36,alabama,35180,2,$45.00
37,alabama,35184,1,$45.00
38,alabama,35185,1,$42.00
39,alabama,35201,1,$35.00
40,alabama,35204,1,$40.00
41,alabama,35205,14,$41.07
42,alabama,35208,3,$43.33
43,alabama,35209,9,$42.22
44,alabama,35210,2,$40.00
45,alabama,35211,3,$43.33
46,alabama,35213,1,$35.00
47,alabama,35214,2,$45.00
48,alabama,35215,2,$52.50
49,alabama,35216,18,$44.44
50,alabama,35222,1,$60.00
51,alabama,35223,1,$35.00
52,alabama,35224,1,$35.00
53,alabama,35226,13,$42.92
54,alabama,35228,2,$45.00
55,alabama,35229,1,$50.00
56,alabama,35233,2,$32.50
57,alabama,35235,2,$42.50
58,alabama,35242,20,$42.20
59,alabama,35243,7,$49.86
60,alabama,35244,10,$43.50
61,alabama,35401,16,$45.31
62,alabama,35404,7,$43.57
63,alabama,35405,9,$43.33
64,alabama,35406,4,$43.75
65,alabama,35442,1,$45.00
66,alabama,35447,1,$25.00
67,alabama,35473,4,$31.25
68,alabama,35475,1,$45.00
69,alabama,35481,1,$40.00
70,alabama,35487,1,$40.00
71,alabama,35490,1,$35.00
72,alabama,35504,2,$42.50
73,alabama,35563,1,$40.00
74,alabama,35565,2,$50.00
75,alabama,35570,1,$35.00
76,alabama,35581,1,$20.00
77,alabama,35601,2,$37.50
78,alabama,35603,4,$33.75
79,alabama,35609,1,$40.00
80,alabama,35611,8,$43.13
81,alabama,35612,1,$60.00
82,alabama,35613,3,$38.33
83,alabama,35614,2,$47.50
84,alabama,35616,1,$40.00
85,alabama,35622,1,$40.00
86,alabama,35630,10,$40.00
87,alabama,35633,1,$45.00
88,alabama,35634,2,$35.00
89,alabama,35645,1,$50.00
90,alabama,35648,2,$35.00
91,alabama,35652,2,$47.50
92,alabama,35653,2,$35.00
93,alabama,35661,1,$45.00
94,alabama,35670,1,$45.00
95,alabama,35674,4,$36.25
96,alabama,35748,2,$45.00
97,alabama,35749,5,$43.00
98,alabama,35756,4,$38.75
99,alabama,35757,6,$35.83
100,alabama,35758,33,$37.42
101,alabama,35761,3,$35.00
102,alabama,35763,4,$36.25
103,alabama,35768,2,$40.00
104,alabama,35769,1,$30.00
105,alabama,35772,1,$25.00
106,alabama,35773,6,$35.83
107,alabama,35776,1,$45.00
108,alabama,35801,10,$44.30
109,alabama,35802,14,$43.93
110,alabama,35803,12,$41.25
111,alabama,35805,7,$41.43
112,alabama,35806,12,$38.75
113,alabama,35808,1,$50.00
114,alabama,35810,12,$41.42
115,alabama,35811,7,$36.14
116,alabama,35813,1,$55.00
117,alabama,35814,1,$45.00
118,alabama,35815,1,$35.00
119,alabama,35816,10,$39.50
120,alabama,35824,6,$39.17
121,alabama,35901,2,$50.00
122,alabama,35902,1,$40.00
123,alabama,35903,2,$32.50
124,alabama,35904,1,$50.00
125,alabama,35905,1,$50.00
126,alabama,35906,2,$37.50
127,alabama,35951,1,$39.00
128,alabama,35953,2,$45.00
129,alabama,35954,1,$50.00
130,alabama,35956,1,$30.00
131,alabama,35960,1,$50.00
132,alabama,35961,1,$50.00
133,alabama,35967,4,$47.50
134,alabama,35974,1,$40.00
135,alabama,35976,1,$55.00
136,alabama,35981,1,$30.00
137,alabama,35983,1,$45.00
138,alabama,36022,2,$37.50
139,alabama,36027,2,$50.00
140,alabama,36035,1,$45.00
141,alabama,36037,1,$25.00
142,alabama,36064,2,$45.00
143,alabama,36066,6,$43.33
144,alabama,36079,2,$42.50
145,alabama,36081,2,$45.00
146,alabama,36091,1,$50.00
147,alabama,36092,1,$60.00
148,alabama,36101,1,$30.00
149,alabama,36104,4,$43.75
150,alabama,36105,2,$40.00
151,alabama,36106,5,$40.00
152,alabama,36108,1,$50.00
153,alabama,36109,7,$40.00
154,alabama,36110,2,$37.50
155,alabama,36115,1,$20.00
156,alabama,36116,9,$40.56
157,alabama,36117,19,$40.26
158,alabama,36201,3,$35.00
159,alabama,36203,1,$40.00
160,alabama,36206,2,$37.50
161,alabama,36207,4,$50.00
162,alabama,36250,1,$20.00
163,alabama,36265,6,$44.17
164,alabama,36274,2,$40.00
165,alabama,36276,1,$35.00
166,alabama,36278,1,$40.00
167,alabama,36279,1,$50.00
168,alabama,36301,6,$38.33
169,alabama,36303,2,$34.00
170,alabama,36305,2,$42.50
171,alabama,36312,1,$50.00
172,alabama,36322,1,$75.00
173,alabama,36330,7,$50.00
174,alabama,36345,1,$50.00
175,alabama,36350,2,$29.00
176,alabama,36360,2,$37.50
177,alabama,36453,1,$40.00
178,alabama,36456,1,$40.00
179,alabama,36460,1,$15.00
180,alabama,36467,2,$37.50
181,alabama,36477,1,$50.00
182,alabama,36507,2,$40.00
183,alabama,36526,10,$44.00
184,alabama,36527,5,$43.00
185,alabama,36528,2,$42.50
186,alabama,36532,4,$48.75
187,alabama,36535,1,$35.00
188,alabama,36541,1,$20.00
189,alabama,36542,2,$37.50
190,alabama,36551,2,$35.00
191,alabama,36558,1,$30.00
192,alabama,36561,3,$47.33
193,alabama,36572,1,$35.00
194,alabama,36580,2,$27.50
195,alabama,36582,3,$38.33
196,alabama,36603,1,$55.00
197,alabama,36604,3,$40.00
198,alabama,36605,3,$45.00
199,alabama,36606,3,$35.00
200,alabama,36607,1,$40.00
201,alabama,36608,15,$41.67
202,alabama,36609,11,$44.09
203,alabama,36611,1,$45.00
204,alabama,36613,1,$20.00
205,alabama,36617,2,$37.50
206,alabama,36618,6,$34.17
207,alabama,36619,4,$38.75
208,alabama,36693,1,$60.00
209,alabama,36695,12,$41.25
210,alabama,36701,1,$25.00
211,alabama,36703,1,$50.00
212,alabama,36801,8,$40.00
213,alabama,36804,3,$41.33
214,alabama,36830,21,$40.48
215,alabama,36831,1,$60.00
216,alabama,36832,11,$33.18
217,alabama,36849,3,$28.33
218,alabama,36853,1,$35.00
219,alabama,36856,3,$43.33
220,alabama,36867,9,$39.44
221,alabama,36869,2,$42.50
222,alabama,36870,4,$46.25
223,alabama,36877,2,$45.00
0,arkansas,71601,2,$35.00
1,arkansas,71602,1,$35.00
2,arkansas,71603,1,$20.00
3,arkansas,71653,1,$45.00
4,arkansas,71655,1,$35.00
5,arkansas,71671,1,$40.00
6,arkansas,71701,1,$35.00
7,arkansas,71730,2,$40.00
8,arkansas,71744,1,$30.00
9,arkansas,71822,1,$75.00
10,arkansas,71832,1,$35.00
11,arkansas,71834,1,$55.00
12,arkansas,71837,1,$50.00
13,arkansas,71846,1,$25.00
14,arkansas,71854,2,$50.00
15,arkansas,71901,2,$45.00
16,arkansas,71909,3,$35.00
17,arkansas,71913,6,$33.33
18,arkansas,71923,2,$39.50
19,arkansas,71935,1,$40.00
20,arkansas,71945,1,$25.00
21,arkansas,71953,1,$25.00
22,arkansas,71958,1,$40.00
23,arkansas,71972,1,$30.00
24,arkansas,72002,2,$42.50
25,arkansas,72010,1,$50.00
26,arkansas,72012,3,$51.67
27,arkansas,72015,4,$38.75
28,arkansas,72019,4,$47.50
29,arkansas,72020,1,$45.00
30,arkansas,72021,1,$65.00
31,arkansas,72022,6,$44.17
32,arkansas,72023,6,$39.17
33,arkansas,72032,16,$40.81
34,arkansas,72034,16,$39.38
35,arkansas,72058,2,$47.50
36,arkansas,72065,1,$40.00
37,arkansas,72076,1,$25.00
38,arkansas,72081,1,$35.00
39,arkansas,72086,1,$35.00
40,arkansas,72104,1,$50.00
41,arkansas,72106,2,$45.00
42,arkansas,72113,5,$39.00
43,arkansas,72114,3,$36.67
44,arkansas,72116,1,$30.00
45,arkansas,72118,2,$35.00
46,arkansas,72120,5,$40.00
47,arkansas,72135,2,$32.50
48,arkansas,72143,8,$39.75
49,arkansas,72149,3,$30.00
50,arkansas,72150,1,$50.00
51,arkansas,72173,1,$40.00
52,arkansas,72176,2,$42.50
53,arkansas,72201,1,$50.00
54,arkansas,72202,3,$35.00
55,arkansas,72204,11,$39.09
56,arkansas,72205,8,$38.13
57,arkansas,72206,1,$35.00
58,arkansas,72207,5,$44.00
59,arkansas,72209,3,$45.00
60,arkansas,72210,1,$35.00
61,arkansas,72211,11,$36.82
62,arkansas,72212,3,$41.67
63,arkansas,72223,3,$36.67
64,arkansas,72227,3,$50.00
65,arkansas,72301,1,$50.00
66,arkansas,72335,1,$55.00
67,arkansas,72336,1,$30.00
68,arkansas,72348,1,$45.00
69,arkansas,72365,1,$35.00
70,arkansas,72396,2,$46.50
71,arkansas,72401,10,$40.50
72,arkansas,72404,8,$40.63
73,arkansas,72432,1,$40.00
74,arkansas,72438,1,$55.00
75,arkansas,72459,1,$40.00
76,arkansas,72501,1,$45.00
77,arkansas,72512,1,$40.00
78,arkansas,72529,1,$30.00
79,arkansas,72534,1,$40.00
80,arkansas,72542,1,$30.00
81,arkansas,72556,1,$50.00
82,arkansas,72601,3,$36.67
83,arkansas,72631,3,$43.33
84,arkansas,72632,1,$35.00
85,arkansas,72634,1,$50.00
86,arkansas,72638,1,$35.00
87,arkansas,72641,1,$40.00
88,arkansas,72642,2,$51.00
89,arkansas,72653,1,$25.00
90,arkansas,72687,1,$40.00
91,arkansas,72701,23,$39.96
92,arkansas,72703,14,$36.43
93,arkansas,72704,4,$41.25
94,arkansas,72712,15,$38.27
95,arkansas,72714,6,$43.33
96,arkansas,72715,4,$38.75
97,arkansas,72719,2,$40.00
98,arkansas,72730,2,$45.00
99,arkansas,72744,2,$27.50
100,arkansas,72745,2,$40.00
101,arkansas,72753,1,$65.00
102,arkansas,72756,7,$42.57
103,arkansas,72758,6,$37.50
104,arkansas,72761,1,$40.00
105,arkansas,72762,2,$30.00
106,arkansas,72764,10,$39.00
107,arkansas,72774,1,$30.00
108,arkansas,72801,3,$31.67
109,arkansas,72802,2,$38.50
110,arkansas,72830,2,$39.50
111,arkansas,72901,3,$40.00
112,arkansas,72903,2,$42.50
113,arkansas,72908,1,$35.00
114,arkansas,72916,1,$30.00
115,arkansas,72921,2,$35.00
116,arkansas,72923,1,$40.00
117,arkansas,72934,1,$37.00
118,arkansas,72936,1,$45.00
119,arkansas,72944,1,$50.00
120,arkansas,72949,1,$40.00
121,arkansas,72956,5,$37.60
0,colorado,80002,4,$40.00
1,colorado,80003,15,$40.07
2,colorado,80004,9,$39.78
3,colorado,80005,12,$44.58
4,colorado,80006,1,$50.00
5,colorado,80007,7,$55.29
6,colorado,80010,5,$44.80
7,colorado,80011,9,$51.00
8,colorado,80012,14,$41.79
9,colorado,80013,11,$41.36
10,colorado,80014,13,$40.38
11,colorado,80015,15,$40.20
12,colorado,80016,18,$41.39
13,colorado,80017,6,$40.83
14,colorado,80018,5,$46.00
15,colorado,80019,1,$65.00
16,colorado,80020,20,$44.75
17,colorado,80021,10,$49.70
18,colorado,80022,6,$41.67
19,colorado,80023,5,$43.00
20,colorado,80026,15,$48.67
21,colorado,80027,21,$42.62
22,colorado,80030,1,$30.00
23,colorado,80031,12,$37.00
24,colorado,80033,7,$42.14
25,colorado,80045,1,$40.00
26,colorado,80102,1,$50.00
27,colorado,80103,1,$40.00
28,colorado,80104,11,$43.00
29,colorado,80107,3,$43.33
30,colorado,80108,7,$47.14
31,colorado,80109,2,$52.50
32,colorado,80110,10,$38.00
33,colorado,80111,16,$43.88
34,colorado,80112,15,$44.00
35,colorado,80113,8,$38.75
36,colorado,80120,12,$38.17
37,colorado,80121,3,$40.00
38,colorado,80122,10,$45.50
39,colorado,80123,10,$43.60
40,colorado,80124,8,$49.75
41,colorado,80125,2,$45.00
42,colorado,80126,10,$52.00
43,colorado,80127,10,$38.40
44,colorado,80128,9,$43.33
45,colorado,80129,9,$36.11
46,colorado,80130,6,$50.83
47,colorado,80132,8,$42.50
48,colorado,80133,2,$36.50
49,colorado,80134,15,$40.60
50,colorado,80135,1,$45.00
51,colorado,80136,1,$25.00
52,colorado,80137,1,$42.00
53,colorado,80138,5,$48.80
54,colorado,80202,10,$41.00
55,colorado,80203,18,$41.33
56,colorado,80204,10,$42.50
57,colorado,80205,16,$42.81
58,colorado,80206,22,$48.05
59,colorado,80207,9,$46.67
60,colorado,80208,1,$35.00
61,colorado,80209,12,$45.83
62,colorado,80210,35,$47.49
63,colorado,80211,16,$45.56
64,colorado,80212,10,$42.50
65,colorado,80214,12,$46.08
66,colorado,80215,9,$43.78
67,colorado,80216,3,$36.67
68,colorado,80218,26,$42.15
69,colorado,80219,12,$41.67
70,colorado,80220,19,$53.42
71,colorado,80221,8,$49.38
72,colorado,80222,10,$50.40
73,colorado,80223,10,$36.80
74,colorado,80224,10,$47.50
75,colorado,80226,9,$39.44
76,colorado,80227,10,$45.80
77,colorado,80228,13,$44.08
78,colorado,80229,9,$42.22
79,colorado,80230,2,$47.50
80,colorado,80231,16,$44.38
81,colorado,80232,5,$38.80
82,colorado,80233,5,$42.00
83,colorado,80234,10,$46.50
84,colorado,80235,3,$43.33
85,colorado,80236,3,$46.67
86,colorado,80237,14,$50.64
87,colorado,80238,7,$49.57
88,colorado,80239,3,$35.00
89,colorado,80241,9,$43.33
90,colorado,80246,12,$44.33
91,colorado,80247,12,$50.42
92,colorado,80249,2,$45.00
93,colorado,80260,2,$60.00
94,colorado,80301,23,$46.96
95,colorado,80302,18,$42.78
96,colorado,80303,28,$45.71
97,colorado,80304,20,$46.45
98,colorado,80305,9,$41.11
99,colorado,80401,16,$47.81
100,colorado,80403,4,$50.00
101,colorado,80422,2,$57.50
102,colorado,80424,5,$43.00
103,colorado,80427,1,$50.00
104,colorado,80433,2,$57.50
105,colorado,80435,1,$40.00
106,colorado,80439,9,$51.89
107,colorado,80440,1,$40.00
108,colorado,80443,4,$40.00
109,colorado,80444,4,$38.75
110,colorado,80446,1,$75.00
111,colorado,80452,2,$40.00
112,colorado,80461,1,$50.00
113,colorado,80465,4,$47.50
114,colorado,80476,1,$35.00
115,colorado,80477,1,$45.00
116,colorado,80487,6,$49.17
117,colorado,80501,14,$48.21
118,colorado,80503,18,$45.94
119,colorado,80504,10,$45.00
120,colorado,80510,1,$30.00
121,colorado,80512,1,$35.00
122,colorado,80513,1,$45.00
123,colorado,80516,8,$43.13
124,colorado,80517,4,$33.75
125,colorado,80521,32,$38.91
126,colorado,80524,12,$43.33
127,colorado,80525,25,$39.56
128,colorado,80526,26,$42.58
129,colorado,80528,8,$42.50
130,colorado,80534,5,$44.00
131,colorado,80537,11,$44.55
132,colorado,80538,17,$44.65
133,colorado,80542,1,$60.00
134,colorado,80543,1,$60.00
135,colorado,80547,2,$42.50
136,colorado,80549,1,$40.00
137,colorado,80550,5,$43.00
138,colorado,80601,8,$43.38
139,colorado,80602,6,$40.00
140,colorado,80615,1,$40.00
141,colorado,80620,2,$35.00
142,colorado,80621,1,$40.00
143,colorado,80624,1,$25.00
144,colorado,80631,9,$43.89
145,colorado,80634,7,$42.14
146,colorado,80650,1,$30.00
147,colorado,80734,1,$35.00
148,colorado,80807,1,$35.00
149,colorado,80808,1,$30.00
150,colorado,80814,2,$42.50
151,colorado,80816,1,$75.00
152,colorado,80817,5,$45.00
153,colorado,80827,2,$40.00
154,colorado,80829,5,$39.00
155,colorado,80831,17,$40.88
156,colorado,80836,1,$35.00
157,colorado,80840,1,$50.00
158,colorado,80863,3,$35.00
159,colorado,80903,13,$40.00
160,colorado,80904,13,$42.92
161,colorado,80905,11,$41.36
162,colorado,80906,12,$38.08
163,colorado,80907,11,$44.09
164,colorado,80908,5,$46.00
165,colorado,80909,17,$38.65
166,colorado,80910,3,$38.33
167,colorado,80911,4,$42.50
168,colorado,80913,1,$55.00
169,colorado,80914,1,$47.00
170,colorado,80915,7,$39.29
171,colorado,80916,9,$38.78
172,colorado,80917,7,$37.86
173,colorado,80918,13,$39.62
174,colorado,80919,19,$47.05
175,colorado,80920,32,$41.03
176,colorado,80921,7,$44.29
177,colorado,80922,12,$42.92
178,colorado,80923,14,$40.00
179,colorado,80924,1,$35.00
180,colorado,80925,5,$34.00
181,colorado,80927,1,$40.00
182,colorado,80939,1,$50.00
183,colorado,80946,1,$45.00
184,colorado,80951,2,$47.50
185,colorado,81001,5,$40.00
186,colorado,81003,3,$38.33
187,colorado,81004,1,$30.00
188,colorado,81005,3,$51.67
189,colorado,81006,1,$15.00
190,colorado,81007,7,$45.00
191,colorado,81008,1,$40.00
192,colorado,81022,1,$40.00
193,colorado,81025,1,$50.00
194,colorado,81039,1,$40.00
195,colorado,81050,1,$45.00
196,colorado,81101,2,$30.00
197,colorado,81122,1,$35.00
198,colorado,81131,1,$40.00
199,colorado,81133,1,$25.00
200,colorado,81147,1,$45.00
201,colorado,81201,2,$37.50
202,colorado,81212,4,$33.25
203,colorado,81224,1,$45.00
204,colorado,81301,5,$34.00
205,colorado,81320,1,$40.00
206,colorado,81321,1,$35.00
207,colorado,81323,3,$45.00
208,colorado,81328,2,$47.50
209,colorado,81401,9,$30.56
210,colorado,81402,1,$40.00
211,colorado,81403,1,$40.00
212,colorado,81415,1,$35.00
213,colorado,81418,1,$45.00
214,colorado,81422,1,$40.00
215,colorado,81432,2,$37.50
216,colorado,81501,8,$42.13
217,colorado,81503,1,$40.00
218,colorado,81504,5,$35.00
219,colorado,81505,1,$45.00
220,colorado,81506,2,$35.00
221,colorado,81507,4,$43.75
222,colorado,81520,1,$40.00
223,colorado,81521,3,$40.00
224,colorado,81526,1,$35.00
225,colorado,81611,2,$52.50
226,colorado,81621,4,$48.75
227,colorado,81623,2,$40.00
228,colorado,81632,1,$75.00
229,colorado,81647,1,$32.00
230,colorado,81648,1,$15.00
231,colorado,81650,1,$30.00
232,colorado,81657,1,$35.00
0,georgia,30002,1,$35.00
1,georgia,30004,21,$46.67
2,georgia,30005,12,$48.33
3,georgia,30008,8,$43.13
4,georgia,30009,2,$42.50
5,georgia,30012,5,$35.00
6,georgia,30013,9,$44.44
7,georgia,30014,7,$45.71
8,georgia,30016,7,$46.43
9,georgia,30017,3,$38.33
10,georgia,30019,14,$47.14
11,georgia,30021,9,$43.89
12,georgia,30022,26,$49.38
13,georgia,30024,16,$45.00
14,georgia,30025,3,$40.00
15,georgia,30028,2,$32.50
16,georgia,30030,20,$41.30
17,georgia,30032,7,$39.29
18,georgia,30033,26,$45.38
19,georgia,30034,14,$39.64
20,georgia,30035,4,$44.50
21,georgia,30038,11,$48.18
22,georgia,30039,16,$46.56
23,georgia,30040,16,$43.44
24,georgia,30041,20,$46.25
25,georgia,30043,29,$46.38
26,georgia,30044,18,$43.78
27,georgia,30045,12,$48.75
28,georgia,30046,10,$41.60
29,georgia,30047,16,$44.06
30,georgia,30048,1,$40.00
31,georgia,30052,21,$40.90
32,georgia,30054,1,$47.00
33,georgia,30055,2,$32.50
34,georgia,30056,1,$50.00
35,georgia,30058,12,$38.75
36,georgia,30060,14,$48.57
37,georgia,30062,28,$45.71
38,georgia,30064,14,$46.57
39,georgia,30066,27,$43.22
40,georgia,30067,27,$44.63
41,georgia,30068,18,$43.44
42,georgia,30071,9,$45.00
43,georgia,30072,1,$30.00
44,georgia,30075,14,$48.36
45,georgia,30076,13,$49.23
46,georgia,30078,8,$46.88
47,georgia,30079,2,$55.00
48,georgia,30080,29,$43.41
49,georgia,30081,1,$50.00
50,georgia,30082,9,$49.33
51,georgia,30083,16,$39.38
52,georgia,30084,20,$47.85
53,georgia,30087,11,$45.45
54,georgia,30088,14,$41.79
55,georgia,30092,17,$45.59
56,georgia,30093,12,$47.50
57,georgia,30094,9,$46.11
58,georgia,30096,26,$48.15
59,georgia,30097,24,$48.13
60,georgia,30101,18,$40.83
61,georgia,30102,9,$47.78
62,georgia,30103,2,$40.00
63,georgia,30105,1,$50.00
64,georgia,30106,2,$52.50
65,georgia,30107,1,$40.00
66,georgia,30110,3,$41.67
67,georgia,30113,1,$40.00
68,georgia,30114,13,$43.08
69,georgia,30115,10,$46.50
70,georgia,30116,5,$40.00
71,georgia,30117,11,$40.00
72,georgia,30118,1,$30.00
73,georgia,30120,12,$45.83
74,georgia,30121,7,$42.14
75,georgia,30122,2,$37.50
76,georgia,30125,3,$41.67
77,georgia,30126,13,$49.69
78,georgia,30127,14,$50.36
79,georgia,30132,14,$43.57
80,georgia,30134,9,$42.78
81,georgia,30135,12,$41.67
82,georgia,30137,1,$50.00
83,georgia,30141,5,$40.00
84,georgia,30143,4,$38.75
85,georgia,30144,32,$44.50
86,georgia,30145,3,$48.33
87,georgia,30152,16,$45.13
88,georgia,30153,1,$40.00
89,georgia,30157,10,$47.00
90,georgia,30161,10,$40.50
91,georgia,30165,4,$50.00
92,georgia,30168,4,$43.75
93,georgia,30179,2,$42.50
94,georgia,30180,4,$38.75
95,georgia,30182,1,$30.00
96,georgia,30183,4,$45.00
97,georgia,30187,2,$45.00
98,georgia,30188,20,$44.30
99,georgia,30189,12,$47.42
100,georgia,30204,2,$45.00
101,georgia,30206,1,$35.00
102,georgia,30213,12,$45.00
103,georgia,30214,10,$46.00
104,georgia,30215,5,$47.00
105,georgia,30217,1,$25.00
106,georgia,30220,1,$35.00
107,georgia,30223,8,$35.88
108,georgia,30224,6,$48.33
109,georgia,30228,19,$42.53
110,georgia,30233,2,$37.50
111,georgia,30236,19,$42.89
112,georgia,30238,9,$44.44
113,georgia,30240,10,$39.00
114,georgia,30241,11,$41.82
115,georgia,30248,7,$42.86
116,georgia,30252,6,$43.33
117,georgia,30253,16,$40.63
118,georgia,30259,1,$40.00
119,georgia,30260,2,$55.00
120,georgia,30263,14,$45.14
121,georgia,30265,13,$43.46
122,georgia,30268,3,$41.67
123,georgia,30269,16,$45.94
124,georgia,30273,2,$40.00
125,georgia,30274,8,$45.00
126,georgia,30276,1,$45.00
127,georgia,30277,9,$40.56
128,georgia,30281,21,$41.67
129,georgia,30285,1,$35.00
130,georgia,30286,2,$45.00
131,georgia,30290,5,$44.00
132,georgia,30291,4,$51.25
133,georgia,30292,1,$50.00
134,georgia,30294,12,$45.83
135,georgia,30295,1,$55.00
136,georgia,30296,7,$45.00
137,georgia,30297,2,$45.00
138,georgia,30303,7,$45.71
139,georgia,30305,11,$45.00
140,georgia,30306,16,$44.38
141,georgia,30307,17,$48.82
142,georgia,30308,22,$47.27
143,georgia,30309,22,$46.50
144,georgia,30310,12,$45.42
145,georgia,30311,4,$37.50
146,georgia,30312,15,$45.47
147,georgia,30313,9,$45.56
148,georgia,30314,5,$35.00
149,georgia,30315,6,$45.83
150,georgia,30316,13,$47.77
151,georgia,30317,8,$35.00
152,georgia,30318,22,$43.59
153,georgia,30319,15,$44.67
154,georgia,30322,6,$40.00
155,georgia,30324,17,$48.53
156,georgia,30326,3,$45.00
157,georgia,30327,9,$53.67
158,georgia,30328,19,$47.05
159,georgia,30329,23,$50.13
160,georgia,30331,14,$44.64
161,georgia,30334,5,$54.00
162,georgia,30337,5,$63.20
163,georgia,30338,18,$49.89
164,georgia,30339,10,$47.80
165,georgia,30340,11,$40.00
166,georgia,30341,16,$44.94
167,georgia,30342,12,$51.92
168,georgia,30344,9,$43.89
169,georgia,30345,13,$48.62
170,georgia,30346,5,$53.00
171,georgia,30349,19,$44.74
172,georgia,30350,14,$50.36
173,georgia,30354,5,$45.00
174,georgia,30360,5,$44.00
175,georgia,30363,2,$52.50
176,georgia,30401,1,$30.00
177,georgia,30415,1,$35.00
178,georgia,30417,1,$40.00
179,georgia,30420,1,$35.00
180,georgia,30427,3,$41.67
181,georgia,30439,1,$45.00
182,georgia,30442,1,$50.00
183,georgia,30458,18,$38.33
184,georgia,30459,1,$50.00
185,georgia,30460,1,$25.00
186,georgia,30461,5,$39.00
187,georgia,30467,1,$25.00
188,georgia,30471,1,$35.00
189,georgia,30474,1,$40.00
190,georgia,30501,13,$41.92
191,georgia,30504,4,$46.00
192,georgia,30506,8,$38.13
193,georgia,30507,6,$38.33
194,georgia,30510,1,$45.00
195,georgia,30512,4,$42.50
196,georgia,30513,7,$45.00
197,georgia,30517,1,$37.00
198,georgia,30518,11,$41.91
199,georgia,30519,11,$43.18
200,georgia,30521,2,$42.50
201,georgia,30523,3,$38.33
202,georgia,30525,3,$33.33
203,georgia,30527,1,$40.00
204,georgia,30528,4,$37.50
205,georgia,30529,2,$37.50
206,georgia,30530,1,$50.00
207,georgia,30533,7,$41.43
208,georgia,30534,5,$42.00
209,georgia,30535,1,$40.00
210,georgia,30537,1,$40.00
211,georgia,30540,5,$37.00
212,georgia,30541,2,$45.00
213,georgia,30542,10,$38.90
214,georgia,30543,1,$50.00
215,georgia,30546,3,$36.67
216,georgia,30548,4,$52.50
217,georgia,30549,4,$35.50
218,georgia,30553,1,$40.00
219,georgia,30557,2,$32.50
220,georgia,30560,2,$40.00
221,georgia,30563,1,$50.00
222,georgia,30564,1,$40.00
223,georgia,30565,1,$40.00
224,georgia,30566,1,$45.00
225,georgia,30567,1,$45.00
226,georgia,30571,2,$45.00
227,georgia,30576,1,$50.00
228,georgia,30577,1,$35.00
229,georgia,30601,13,$35.38
230,georgia,30602,1,$45.00
231,georgia,30605,41,$40.80
232,georgia,30606,30,$37.90
233,georgia,30607,2,$35.00
234,georgia,30609,1,$25.00
235,georgia,30619,1,$45.00
236,georgia,30620,2,$40.00
237,georgia,30622,1,$45.00
238,georgia,30628,2,$45.00
239,georgia,30635,3,$41.67
240,georgia,30642,1,$45.00
241,georgia,30643,1,$30.00
242,georgia,30646,1,$40.00
243,georgia,30648,1,$35.00
244,georgia,30650,2,$35.00
245,georgia,30655,8,$40.00
246,georgia,30656,1,$35.00
247,georgia,30662,2,$42.50
248,georgia,30663,2,$30.00
249,georgia,30667,1,$30.00
250,georgia,30673,1,$15.00
251,georgia,30677,8,$41.25
252,georgia,30680,4,$48.75
253,georgia,30701,2,$40.00
254,georgia,30705,3,$33.33
255,georgia,30707,2,$35.00
256,georgia,30710,1,$35.00
257,georgia,30720,4,$34.25
258,georgia,30721,3,$41.67
259,georgia,30728,3,$36.67
260,georgia,30734,1,$40.00
261,georgia,30735,1,$40.00
262,georgia,30736,7,$38.57
263,georgia,30739,1,$30.00
264,georgia,30740,2,$55.00
265,georgia,30741,3,$40.00
266,georgia,30742,1,$45.00
267,georgia,30750,4,$36.25
268,georgia,30752,1,$50.00
269,georgia,30753,1,$40.00
270,georgia,30755,1,$35.00
271,georgia,30809,18,$41.94
272,georgia,30812,1,$25.00
273,georgia,30813,14,$37.86
274,georgia,30815,1,$45.00
275,georgia,30816,1,$30.00
276,georgia,30817,1,$50.00
277,georgia,30824,1,$30.00
278,georgia,30830,3,$46.67
279,georgia,30833,1,$35.00
280,georgia,30904,5,$36.00
281,georgia,30906,14,$42.14
282,georgia,30907,14,$41.50
283,georgia,30909,21,$43.33
284,georgia,31003,1,$28.00
285,georgia,31005,3,$38.33
286,georgia,31008,2,$42.50
287,georgia,31015,1,$40.00
288,georgia,31019,1,$40.00
289,georgia,31021,3,$47.33
290,georgia,31023,3,$38.33
291,georgia,31024,2,$45.00
292,georgia,31027,2,$37.50
293,georgia,31030,3,$48.33
294,georgia,31032,1,$50.00
295,georgia,31047,4,$41.25
296,georgia,31052,1,$45.00
297,georgia,31055,2,$37.50
298,georgia,31057,1,$30.00
299,georgia,31061,13,$35.77
300,georgia,31064,3,$35.00
301,georgia,31069,4,$42.50
302,georgia,31075,1,$65.00
303,georgia,31076,1,$30.00
304,georgia,31079,1,$45.00
305,georgia,31088,9,$40.56
306,georgia,31089,1,$35.00
307,georgia,31093,4,$44.00
308,georgia,31094,1,$35.00
309,georgia,31098,1,$45.00
310,georgia,31119,1,$60.00
311,georgia,31201,4,$48.75
312,georgia,31204,2,$40.00
313,georgia,31205,1,$45.00
314,georgia,31206,4,$35.00
315,georgia,31207,3,$40.00
316,georgia,31210,14,$42.50
317,georgia,31211,1,$60.00
318,georgia,31216,2,$37.50
319,georgia,31217,1,$35.00
320,georgia,31220,2,$50.00
321,georgia,31302,5,$35.00
322,georgia,31308,1,$40.00
323,georgia,31312,6,$35.83
324,georgia,31313,9,$42.22
325,georgia,31315,2,$40.00
326,georgia,31316,2,$35.00
327,georgia,31320,4,$48.75
328,georgia,31321,1,$30.00
329,georgia,31322,9,$43.89
330,georgia,31324,7,$42.86
331,georgia,31326,5,$47.00
332,georgia,31328,3,$34.67
333,georgia,31331,1,$40.00
334,georgia,31401,12,$39.58
335,georgia,31404,4,$43.75
336,georgia,31405,9,$42.78
337,georgia,31406,13,$42.69
338,georgia,31407,2,$42.50
339,georgia,31408,3,$31.67
340,georgia,31410,5,$37.00
341,georgia,31411,1,$40.00
342,georgia,31412,1,$28.00
343,georgia,31415,2,$35.00
344,georgia,31419,24,$39.21
345,georgia,31501,1,$30.00
346,georgia,31503,2,$34.50
347,georgia,31518,1,$40.00
348,georgia,31520,5,$37.00
349,georgia,31522,8,$48.13
350,georgia,31523,4,$53.75
351,georgia,31525,9,$35.00
352,georgia,31533,1,$40.00
353,georgia,31535,2,$42.50
354,georgia,31543,1,$40.00
355,georgia,31548,3,$48.33
356,georgia,31553,1,$35.00
357,georgia,31555,1,$15.00
358,georgia,31557,1,$100.00
359,georgia,31558,8,$42.13
360,georgia,31560,1,$40.00
361,georgia,31568,1,$20.00
362,georgia,31601,6,$29.17
363,georgia,31602,5,$41.00
364,georgia,31605,5,$43.00
365,georgia,31625,1,$25.00
366,georgia,31626,1,$30.00
367,georgia,31632,3,$38.33
368,georgia,31635,1,$35.00
369,georgia,31636,1,$35.00
370,georgia,31647,1,$40.00
371,georgia,31649,1,$40.00
372,georgia,31701,3,$45.00
373,georgia,31705,5,$34.00
374,georgia,31707,8,$32.50
375,georgia,31709,2,$30.00
376,georgia,31714,1,$35.00
377,georgia,31719,1,$45.00
378,georgia,31721,4,$31.25
379,georgia,31738,1,$25.00
380,georgia,31743,1,$30.00
381,georgia,31750,2,$42.50
382,georgia,31757,1,$40.00
383,georgia,31763,4,$45.00
384,georgia,31768,1,$45.00
385,georgia,31772,1,$45.00
386,georgia,31773,1,$30.00
387,georgia,31779,1,$40.00
388,georgia,31792,2,$35.00
389,georgia,31794,6,$33.33
390,georgia,31803,1,$30.00
391,georgia,31804,1,$35.00
392,georgia,31805,1,$50.00
393,georgia,31807,1,$30.00
394,georgia,31808,2,$35.00
395,georgia,31811,2,$45.00
396,georgia,31816,1,$40.00
397,georgia,31820,3,$43.33
398,georgia,31822,3,$38.33
399,georgia,31823,1,$40.00
400,georgia,31832,1,$35.00
401,georgia,31833,1,$50.00
402,georgia,31901,5,$47.00
403,georgia,31903,3,$40.00
404,georgia,31904,6,$36.67
405,georgia,31905,4,$47.50
406,georgia,31906,5,$41.40
407,georgia,31907,15,$38.33
408,georgia,31909,15,$40.33
409,georgia,39818,1,$50.00
410,georgia,39819,2,$40.00
411,georgia,39823,3,$46.67
412,georgia,39826,1,$50.00
413,georgia,39828,1,$45.00
414,georgia,39834,2,$32.50
415,georgia,39837,1,$35.00
416,georgia,39840,1,$40.00
417,georgia,39842,1,$50.00
418,georgia,39854,1,$35.00
419,georgia,39859,1,$40.00
0,maryland,20601,7,50.00
1,maryland,20602,9,41.67
2,maryland,20603,4,40.00
3,maryland,20607,3,58.33
4,maryland,20611,1,40.00
5,maryland,20613,2,47.50
6,maryland,20619,9,42.78
7,maryland,20634,3,38.33
8,maryland,20636,3,38.33
9,maryland,20639,3,50.00
10,maryland,20640,1,50.00
11,maryland,20646,3,50.00
12,maryland,20650,3,50.00
13,maryland,20653,8,41.88
14,maryland,20657,4,51.25
15,maryland,20659,3,35.00
16,maryland,20675,1,40.00
17,maryland,20676,1,65.00
18,maryland,20678,2,39.50
19,maryland,20684,1,35.00
20,maryland,20685,1,30.00
21,maryland,20686,2,35.00
22,maryland,20688,1,35.00
23,maryland,20695,1,40.00
24,maryland,20704,1,40.00
25,maryland,20705,10,49.00
26,maryland,20706,11,43.64
27,maryland,20707,17,48.35
28,maryland,20708,9,42.00
29,maryland,20710,1,65.00
30,maryland,20712,4,46.25
31,maryland,20714,1,25.00
32,maryland,20715,10,47.30
33,maryland,20716,10,44.50
34,maryland,20720,13,46.54
35,maryland,20721,13,49.23
36,maryland,20722,3,38.33
37,maryland,20723,14,47.14
38,maryland,20724,6,46.67
39,maryland,20732,2,42.50
40,maryland,20735,8,43.75
41,maryland,20736,1,50.00
42,maryland,20737,2,37.50
43,maryland,20740,33,46.36
44,maryland,20741,1,30.00
45,maryland,20742,1,40.00
46,maryland,20743,7,43.57
47,maryland,20744,20,44.00
48,maryland,20745,7,37.86
49,maryland,20746,2,30.00
50,maryland,20747,8,46.88
51,maryland,20748,6,41.67
52,maryland,20751,1,35.00
53,maryland,20754,4,50.00
54,maryland,20755,2,41.00
55,maryland,20758,2,37.50
56,maryland,20764,2,45.00
57,maryland,20769,2,39.00
58,maryland,20770,17,44.71
59,maryland,20772,19,45.68
60,maryland,20774,23,45.22
61,maryland,20777,1,50.00
62,maryland,20778,1,50.00
63,maryland,20781,4,43.25
64,maryland,20782,18,42.50
65,maryland,20783,14,44.29
66,maryland,20784,1,60.00
67,maryland,20785,9,51.67
68,maryland,20792,1,50.00
69,maryland,20794,1,40.00
70,maryland,20814,25,51.12
71,maryland,20815,17,53.82
72,maryland,20816,4,48.75
73,maryland,20817,25,55.40
74,maryland,20832,16,51.88
75,maryland,20833,1,40.00
76,maryland,20837,2,62.50
77,maryland,20841,2,37.50
78,maryland,20842,1,20.00
79,maryland,20850,31,53.32
80,maryland,20851,9,48.89
81,maryland,20852,25,45.28
82,maryland,20853,9,52.22
83,maryland,20854,21,66.43
84,maryland,20855,11,50.91
85,maryland,20860,2,60.00
86,maryland,20861,1,40.00
87,maryland,20866,5,37.00
88,maryland,20871,5,51.00
89,maryland,20872,6,40.00
90,maryland,20874,39,50.08
91,maryland,20876,11,50.91
92,maryland,20877,10,38.50
93,maryland,20878,31,47.97
94,maryland,20879,12,41.75
95,maryland,20882,5,54.00
96,maryland,20886,17,45.35
97,maryland,20892,1,50.00
98,maryland,20895,10,55.50
99,maryland,20901,10,58.00
100,maryland,20902,28,53.07
101,maryland,20903,5,42.00
102,maryland,20904,31,47.19
103,maryland,20905,7,44.29
104,maryland,20906,18,50.00
105,maryland,20910,39,52.03
106,maryland,20912,13,43.77
107,maryland,20916,1,35.00
108,maryland,21001,9,44.44
109,maryland,21005,2,40.00
110,maryland,21009,9,49.44
111,maryland,21012,7,48.29
112,maryland,21014,14,42.50
113,maryland,21015,9,45.22
114,maryland,21017,2,40.00
115,maryland,21028,2,55.00
116,maryland,21029,8,41.88
117,maryland,21030,17,51.47
118,maryland,21031,1,65.00
119,maryland,21032,5,56.00
120,maryland,21034,1,60.00
121,maryland,21035,2,47.50
122,maryland,21037,4,52.50
123,maryland,21040,4,40.00
124,maryland,21042,20,46.00
125,maryland,21043,20,49.00
126,maryland,21044,33,49.03
127,maryland,21045,25,48.00
128,maryland,21046,12,47.08
129,maryland,21047,2,35.00
130,maryland,21048,1,45.00
131,maryland,21050,3,46.67
132,maryland,21053,2,62.50
133,maryland,21054,5,42.00
134,maryland,21060,6,40.83
135,maryland,21061,9,37.78
136,maryland,21074,4,49.25
137,maryland,21075,5,39.00
138,maryland,21076,4,58.75
139,maryland,21078,3,38.33
140,maryland,21084,2,42.50
141,maryland,21085,4,38.75
142,maryland,21090,3,45.00
143,maryland,21093,25,47.00
144,maryland,21102,5,51.00
145,maryland,21104,5,50.00
146,maryland,21108,2,45.00
147,maryland,21111,2,42.50
148,maryland,21113,16,45.06
149,maryland,21114,7,45.00
150,maryland,21117,18,41.67
151,maryland,21120,3,46.67
152,maryland,21122,13,45.77
153,maryland,21128,6,50.00
154,maryland,21131,1,65.00
155,maryland,21133,5,46.00
156,maryland,21136,13,48.08
157,maryland,21144,8,42.50
158,maryland,21146,10,54.50
159,maryland,21152,4,42.50
160,maryland,21153,1,55.00
161,maryland,21154,3,40.00
162,maryland,21157,12,37.50
163,maryland,21158,5,52.00
164,maryland,21160,1,30.00
165,maryland,21161,2,62.50
166,maryland,21162,2,47.50
167,maryland,21163,3,56.67
168,maryland,21201,18,45.28
169,maryland,21202,11,41.36
170,maryland,21203,1,40.00
171,maryland,21204,13,48.08
172,maryland,21205,4,38.75
173,maryland,21206,3,36.67
174,maryland,21207,6,42.17
175,maryland,21208,13,73.46
176,maryland,21209,17,47.47
177,maryland,21210,8,48.13
178,maryland,21211,19,43.68
179,maryland,21212,11,57.73
180,maryland,21213,1,42.00
181,maryland,21214,4,38.75
182,maryland,21215,11,41.36
183,maryland,21216,1,45.00
184,maryland,21217,5,50.00
185,maryland,21218,31,43.06
186,maryland,21219,2,52.50
187,maryland,21220,10,49.50
188,maryland,21221,11,37.73
189,maryland,21222,4,38.75
190,maryland,21223,4,38.75
191,maryland,21224,10,50.50
192,maryland,21225,4,47.50
193,maryland,21227,6,53.33
194,maryland,21228,28,43.61
195,maryland,21229,6,37.50
196,maryland,21230,16,49.38
197,maryland,21231,7,42.57
198,maryland,21234,26,43.04
199,maryland,21236,11,42.73
200,maryland,21237,7,42.14
201,maryland,21239,7,47.86
202,maryland,21244,12,43.75
203,maryland,21250,2,67.50
204,maryland,21251,1,40.00
205,maryland,21252,2,37.50
206,maryland,21286,13,47.85
207,maryland,21287,1,60.00
208,maryland,21401,17,46.29
209,maryland,21403,17,46.47
210,maryland,21409,5,36.00
211,maryland,21502,8,37.50
212,maryland,21532,4,51.25
213,maryland,21550,1,65.00
214,maryland,21601,7,42.14
215,maryland,21613,2,45.00
216,maryland,21617,2,47.50
217,maryland,21620,4,40.00
218,maryland,21629,1,40.00
219,maryland,21635,1,50.00
220,maryland,21636,1,50.00
221,maryland,21638,1,55.00
222,maryland,21639,1,30.00
223,maryland,21645,1,36.00
224,maryland,21654,1,35.00
225,maryland,21655,1,30.00
226,maryland,21660,2,32.50
227,maryland,21661,1,45.00
228,maryland,21666,3,41.67
229,maryland,21667,1,60.00
230,maryland,21701,30,46.00
231,maryland,21702,10,41.80
232,maryland,21703,16,44.75
233,maryland,21704,7,62.86
234,maryland,21710,1,40.00
235,maryland,21713,3,35.00
236,maryland,21716,2,37.50
237,maryland,21727,2,35.00
238,maryland,21740,16,42.50
239,maryland,21742,15,44.33
240,maryland,21750,1,40.00
241,maryland,21754,3,55.00
242,maryland,21769,1,50.00
243,maryland,21770,5,45.00
244,maryland,21771,9,47.78
245,maryland,21774,2,52.50
246,maryland,21776,1,45.00
247,maryland,21783,2,40.00
248,maryland,21784,13,46.92
249,maryland,21787,5,43.60
250,maryland,21788,3,63.33
251,maryland,21791,2,45.00
252,maryland,21793,6,48.33
253,maryland,21795,2,50.00
254,maryland,21797,5,55.00
255,maryland,21798,3,50.00
256,maryland,21801,7,41.43
257,maryland,21804,13,41.15
258,maryland,21811,3,46.67
259,maryland,21813,1,50.00
260,maryland,21822,1,40.00
261,maryland,21826,2,55.00
262,maryland,21841,2,47.50
263,maryland,21842,3,46.67
264,maryland,21849,1,40.00
265,maryland,21851,1,40.00
266,maryland,21853,2,32.50
267,maryland,21861,1,50.00
268,maryland,21863,2,52.50
269,maryland,21871,1,50.00
270,maryland,21875,3,45.00
271,maryland,21901,3,40.00
272,maryland,21904,3,40.00
273,maryland,21911,1,38.00
274,maryland,21921,7,50.00
0,tennessee,37010,$50.00,1 Tutor(s) in Zipcode 37010
1,tennessee,37013,$40.80,20 Tutor(s) in Zipcode 37013
2,tennessee,37020,$35.00,1 Tutor(s) in Zipcode 37020
3,tennessee,37022,$60.00,1 Tutor(s) in Zipcode 37022
4,tennessee,37024,$40.00,1 Tutor(s) in Zipcode 37024
5,tennessee,37027,$45.00,25 Tutor(s) in Zipcode 37027
6,tennessee,37033,$45.00,1 Tutor(s) in Zipcode 37033
7,tennessee,37034,$46.67,3 Tutor(s) in Zipcode 37034
8,tennessee,37035,$50.00,1 Tutor(s) in Zipcode 37035
9,tennessee,37037,$50.00,1 Tutor(s) in Zipcode 37037
10,tennessee,37040,$42.88,8 Tutor(s) in Zipcode 37040
11,tennessee,37042,$39.64,14 Tutor(s) in Zipcode 37042
12,tennessee,37043,$37.50,10 Tutor(s) in Zipcode 37043
13,tennessee,37051,$40.00,1 Tutor(s) in Zipcode 37051
14,tennessee,37055,$45.00,2 Tutor(s) in Zipcode 37055
15,tennessee,37060,$40.00,1 Tutor(s) in Zipcode 37060
16,tennessee,37064,$43.24,17 Tutor(s) in Zipcode 37064
17,tennessee,37066,$33.75,4 Tutor(s) in Zipcode 37066
18,tennessee,37067,$48.75,8 Tutor(s) in Zipcode 37067
19,tennessee,37069,$47.50,10 Tutor(s) in Zipcode 37069
20,tennessee,37070,$40.00,1 Tutor(s) in Zipcode 37070
21,tennessee,37072,$41.25,4 Tutor(s) in Zipcode 37072
22,tennessee,37073,$30.00,1 Tutor(s) in Zipcode 37073
23,tennessee,37075,$48.50,10 Tutor(s) in Zipcode 37075
24,tennessee,37076,$46.88,8 Tutor(s) in Zipcode 37076
25,tennessee,37080,$40.00,2 Tutor(s) in Zipcode 37080
26,tennessee,37086,$43.33,6 Tutor(s) in Zipcode 37086
27,tennessee,37087,$42.78,9 Tutor(s) in Zipcode 37087
28,tennessee,37090,$50.00,2 Tutor(s) in Zipcode 37090
29,tennessee,37091,$35.00,1 Tutor(s) in Zipcode 37091
30,tennessee,37110,$47.50,2 Tutor(s) in Zipcode 37110
31,tennessee,37115,$38.57,7 Tutor(s) in Zipcode 37115
32,tennessee,37118,$40.00,1 Tutor(s) in Zipcode 37118
33,tennessee,37122,$41.20,10 Tutor(s) in Zipcode 37122
34,tennessee,37127,$36.67,3 Tutor(s) in Zipcode 37127
35,tennessee,37128,$43.50,12 Tutor(s) in Zipcode 37128
36,tennessee,37129,$39.00,5 Tutor(s) in Zipcode 37129
37,tennessee,37130,$39.04,25 Tutor(s) in Zipcode 37130
38,tennessee,37135,$40.00,1 Tutor(s) in Zipcode 37135
39,tennessee,37138,$41.67,3 Tutor(s) in Zipcode 37138
40,tennessee,37144,$40.00,1 Tutor(s) in Zipcode 37144
41,tennessee,37148,$48.33,6 Tutor(s) in Zipcode 37148
42,tennessee,37153,$25.00,1 Tutor(s) in Zipcode 37153
43,tennessee,37160,$43.33,3 Tutor(s) in Zipcode 37160
44,tennessee,37167,$43.33,6 Tutor(s) in Zipcode 37167
45,tennessee,37172,$55.00,2 Tutor(s) in Zipcode 37172
46,tennessee,37174,$46.25,4 Tutor(s) in Zipcode 37174
47,tennessee,37179,$40.00,1 Tutor(s) in Zipcode 37179
48,tennessee,37180,$30.00,2 Tutor(s) in Zipcode 37180
49,tennessee,37188,$33.33,3 Tutor(s) in Zipcode 37188
50,tennessee,37189,$50.00,1 Tutor(s) in Zipcode 37189
51,tennessee,37201,$42.50,2 Tutor(s) in Zipcode 37201
52,tennessee,37203,$45.50,10 Tutor(s) in Zipcode 37203
53,tennessee,37204,$47.27,11 Tutor(s) in Zipcode 37204
54,tennessee,37205,$44.00,15 Tutor(s) in Zipcode 37205
55,tennessee,37206,$51.25,12 Tutor(s) in Zipcode 37206
56,tennessee,37207,$45.00,3 Tutor(s) in Zipcode 37207
57,tennessee,37208,$38.75,8 Tutor(s) in Zipcode 37208
58,tennessee,37209,$43.35,17 Tutor(s) in Zipcode 37209
59,tennessee,37210,$45.50,10 Tutor(s) in Zipcode 37210
60,tennessee,37211,$41.57,35 Tutor(s) in Zipcode 37211
61,tennessee,37212,$43.40,20 Tutor(s) in Zipcode 37212
62,tennessee,37214,$44.00,10 Tutor(s) in Zipcode 37214
63,tennessee,37215,$45.91,11 Tutor(s) in Zipcode 37215
64,tennessee,37216,$40.00,10 Tutor(s) in Zipcode 37216
65,tennessee,37217,$45.83,12 Tutor(s) in Zipcode 37217
66,tennessee,37218,$40.00,2 Tutor(s) in Zipcode 37218
67,tennessee,37219,$40.00,2 Tutor(s) in Zipcode 37219
68,tennessee,37220,$37.50,2 Tutor(s) in Zipcode 37220
69,tennessee,37221,$53.13,16 Tutor(s) in Zipcode 37221
70,tennessee,37235,$33.50,4 Tutor(s) in Zipcode 37235
71,tennessee,37240,$40.00,1 Tutor(s) in Zipcode 37240
72,tennessee,37302,$30.00,1 Tutor(s) in Zipcode 37302
73,tennessee,37303,$30.00,1 Tutor(s) in Zipcode 37303
74,tennessee,37307,$45.00,2 Tutor(s) in Zipcode 37307
75,tennessee,37311,$40.00,11 Tutor(s) in Zipcode 37311
76,tennessee,37312,$39.60,15 Tutor(s) in Zipcode 37312
77,tennessee,37321,$45.00,2 Tutor(s) in Zipcode 37321
78,tennessee,37323,$46.67,3 Tutor(s) in Zipcode 37323
79,tennessee,37327,$60.00,1 Tutor(s) in Zipcode 37327
80,tennessee,37331,$20.00,1 Tutor(s) in Zipcode 37331
81,tennessee,37333,$20.00,1 Tutor(s) in Zipcode 37333
82,tennessee,37334,$45.00,2 Tutor(s) in Zipcode 37334
83,tennessee,37339,$40.00,1 Tutor(s) in Zipcode 37339
84,tennessee,37341,$36.67,3 Tutor(s) in Zipcode 37341
85,tennessee,37343,$47.22,9 Tutor(s) in Zipcode 37343
86,tennessee,37350,$40.00,1 Tutor(s) in Zipcode 37350
87,tennessee,37351,$60.00,1 Tutor(s) in Zipcode 37351
88,tennessee,37352,$60.00,1 Tutor(s) in Zipcode 37352
89,tennessee,37354,$50.00,2 Tutor(s) in Zipcode 37354
90,tennessee,37355,$42.50,4 Tutor(s) in Zipcode 37355
91,tennessee,37356,$40.00,1 Tutor(s) in Zipcode 37356
92,tennessee,37363,$39.86,14 Tutor(s) in Zipcode 37363
93,tennessee,37367,$30.00,1 Tutor(s) in Zipcode 37367
94,tennessee,37377,$38.75,4 Tutor(s) in Zipcode 37377
95,tennessee,37379,$26.67,3 Tutor(s) in Zipcode 37379
96,tennessee,37383,$60.00,1 Tutor(s) in Zipcode 37383
97,tennessee,37387,$37.50,2 Tutor(s) in Zipcode 37387
98,tennessee,37388,$30.00,1 Tutor(s) in Zipcode 37388
99,tennessee,37401,$30.00,1 Tutor(s) in Zipcode 37401
100,tennessee,37402,$41.67,3 Tutor(s) in Zipcode 37402
101,tennessee,37403,$37.00,1 Tutor(s) in Zipcode 37403
102,tennessee,37405,$41.09,11 Tutor(s) in Zipcode 37405
103,tennessee,37406,$30.00,1 Tutor(s) in Zipcode 37406
104,tennessee,37407,$50.00,1 Tutor(s) in Zipcode 37407
105,tennessee,37409,$47.50,2 Tutor(s) in Zipcode 37409
106,tennessee,37411,$37.50,2 Tutor(s) in Zipcode 37411
107,tennessee,37412,$43.33,3 Tutor(s) in Zipcode 37412
108,tennessee,37415,$41.17,6 Tutor(s) in Zipcode 37415
109,tennessee,37416,$51.67,3 Tutor(s) in Zipcode 37416
110,tennessee,37419,$40.00,1 Tutor(s) in Zipcode 37419
111,tennessee,37421,$42.69,13 Tutor(s) in Zipcode 37421
112,tennessee,37601,$40.63,8 Tutor(s) in Zipcode 37601
113,tennessee,37604,$39.09,11 Tutor(s) in Zipcode 37604
114,tennessee,37615,$35.00,3 Tutor(s) in Zipcode 37615
115,tennessee,37616,$45.00,1 Tutor(s) in Zipcode 37616
116,tennessee,37618,$33.33,3 Tutor(s) in Zipcode 37618
117,tennessee,37620,$43.13,8 Tutor(s) in Zipcode 37620
118,tennessee,37641,$50.00,2 Tutor(s) in Zipcode 37641
119,tennessee,37643,$42.50,2 Tutor(s) in Zipcode 37643
120,tennessee,37650,$55.00,1 Tutor(s) in Zipcode 37650
121,tennessee,37656,$15.00,1 Tutor(s) in Zipcode 37656
122,tennessee,37658,$50.00,1 Tutor(s) in Zipcode 37658
123,tennessee,37659,$43.75,4 Tutor(s) in Zipcode 37659
124,tennessee,37660,$42.00,4 Tutor(s) in Zipcode 37660
125,tennessee,37663,$32.50,2 Tutor(s) in Zipcode 37663
126,tennessee,37664,$36.67,3 Tutor(s) in Zipcode 37664
127,tennessee,37665,$50.00,1 Tutor(s) in Zipcode 37665
128,tennessee,37681,$35.00,1 Tutor(s) in Zipcode 37681
129,tennessee,37683,$50.00,1 Tutor(s) in Zipcode 37683
130,tennessee,37686,$50.00,1 Tutor(s) in Zipcode 37686
131,tennessee,37687,$32.50,2 Tutor(s) in Zipcode 37687
132,tennessee,37701,$35.00,1 Tutor(s) in Zipcode 37701
133,tennessee,37705,$50.00,1 Tutor(s) in Zipcode 37705
134,tennessee,37708,$35.00,1 Tutor(s) in Zipcode 37708
135,tennessee,37711,$50.00,1 Tutor(s) in Zipcode 37711
136,tennessee,37721,$40.00,1 Tutor(s) in Zipcode 37721
137,tennessee,37724,$38.50,2 Tutor(s) in Zipcode 37724
138,tennessee,37725,$45.00,3 Tutor(s) in Zipcode 37725
139,tennessee,37737,$40.00,1 Tutor(s) in Zipcode 37737
140,tennessee,37743,$40.00,1 Tutor(s) in Zipcode 37743
141,tennessee,37745,$25.00,1 Tutor(s) in Zipcode 37745
142,tennessee,37748,$47.50,2 Tutor(s) in Zipcode 37748
143,tennessee,37752,$36.67,3 Tutor(s) in Zipcode 37752
144,tennessee,37754,$50.00,1 Tutor(s) in Zipcode 37754
145,tennessee,37760,$45.00,4 Tutor(s) in Zipcode 37760
146,tennessee,37763,$30.00,3 Tutor(s) in Zipcode 37763
147,tennessee,37770,$35.00,1 Tutor(s) in Zipcode 37770
148,tennessee,37771,$20.00,1 Tutor(s) in Zipcode 37771
149,tennessee,37772,$35.00,1 Tutor(s) in Zipcode 37772
150,tennessee,37774,$38.75,4 Tutor(s) in Zipcode 37774
151,tennessee,37777,$40.00,3 Tutor(s) in Zipcode 37777
152,tennessee,37801,$43.33,3 Tutor(s) in Zipcode 37801
153,tennessee,37803,$41.43,7 Tutor(s) in Zipcode 37803
154,tennessee,37804,$46.67,3 Tutor(s) in Zipcode 37804
155,tennessee,37807,$50.00,1 Tutor(s) in Zipcode 37807
156,tennessee,37810,$35.00,1 Tutor(s) in Zipcode 37810
157,tennessee,37813,$45.00,1 Tutor(s) in Zipcode 37813
158,tennessee,37814,$46.67,3 Tutor(s) in Zipcode 37814
159,tennessee,37818,$30.00,1 Tutor(s) in Zipcode 37818
160,tennessee,37820,$15.00,1 Tutor(s) in Zipcode 37820
161,tennessee,37821,$35.00,1 Tutor(s) in Zipcode 37821
162,tennessee,37828,$48.00,1 Tutor(s) in Zipcode 37828
163,tennessee,37830,$39.45,11 Tutor(s) in Zipcode 37830
164,tennessee,37840,$32.50,2 Tutor(s) in Zipcode 37840
165,tennessee,37846,$35.00,1 Tutor(s) in Zipcode 37846
166,tennessee,37849,$38.75,4 Tutor(s) in Zipcode 37849
167,tennessee,37853,$35.00,1 Tutor(s) in Zipcode 37853
168,tennessee,37854,$26.67,3 Tutor(s) in Zipcode 37854
169,tennessee,37862,$30.00,1 Tutor(s) in Zipcode 37862
170,tennessee,37863,$50.00,1 Tutor(s) in Zipcode 37863
171,tennessee,37865,$30.00,1 Tutor(s) in Zipcode 37865
172,tennessee,37874,$32.50,2 Tutor(s) in Zipcode 37874
173,tennessee,37876,$38.75,4 Tutor(s) in Zipcode 37876
174,tennessee,37877,$43.00,2 Tutor(s) in Zipcode 37877
175,tennessee,37885,$75.00,1 Tutor(s) in Zipcode 37885
176,tennessee,37902,$47.50,2 Tutor(s) in Zipcode 37902
177,tennessee,37909,$45.00,8 Tutor(s) in Zipcode 37909
178,tennessee,37912,$41.67,9 Tutor(s) in Zipcode 37912
179,tennessee,37914,$30.00,3 Tutor(s) in Zipcode 37914
180,tennessee,37916,$35.00,3 Tutor(s) in Zipcode 37916
181,tennessee,37917,$60.00,2 Tutor(s) in Zipcode 37917
182,tennessee,37918,$41.00,14 Tutor(s) in Zipcode 37918
183,tennessee,37919,$44.38,8 Tutor(s) in Zipcode 37919
184,tennessee,37920,$37.78,9 Tutor(s) in Zipcode 37920
185,tennessee,37921,$35.00,5 Tutor(s) in Zipcode 37921
186,tennessee,37922,$40.71,7 Tutor(s) in Zipcode 37922
187,tennessee,37923,$40.00,5 Tutor(s) in Zipcode 37923
188,tennessee,37924,$29.00,1 Tutor(s) in Zipcode 37924
189,tennessee,37931,$45.91,11 Tutor(s) in Zipcode 37931
190,tennessee,37934,$39.44,9 Tutor(s) in Zipcode 37934
191,tennessee,37996,$30.00,2 Tutor(s) in Zipcode 37996
192,tennessee,38002,$43.89,9 Tutor(s) in Zipcode 38002
193,tennessee,38004,$40.00,1 Tutor(s) in Zipcode 38004
194,tennessee,38011,$55.00,1 Tutor(s) in Zipcode 38011
195,tennessee,38016,$45.00,16 Tutor(s) in Zipcode 38016
196,tennessee,38017,$43.89,18 Tutor(s) in Zipcode 38017
197,tennessee,38018,$45.00,9 Tutor(s) in Zipcode 38018
198,tennessee,38019,$60.00,1 Tutor(s) in Zipcode 38019
199,tennessee,38023,$40.00,1 Tutor(s) in Zipcode 38023
200,tennessee,38024,$50.00,1 Tutor(s) in Zipcode 38024
201,tennessee,38028,$40.00,1 Tutor(s) in Zipcode 38028
202,tennessee,38053,$40.00,3 Tutor(s) in Zipcode 38053
203,tennessee,38058,$65.00,1 Tutor(s) in Zipcode 38058
204,tennessee,38063,$40.00,3 Tutor(s) in Zipcode 38063
205,tennessee,38103,$45.50,10 Tutor(s) in Zipcode 38103
206,tennessee,38104,$41.67,12 Tutor(s) in Zipcode 38104
207,tennessee,38105,$33.75,4 Tutor(s) in Zipcode 38105
208,tennessee,38106,$47.50,2 Tutor(s) in Zipcode 38106
209,tennessee,38107,$38.33,3 Tutor(s) in Zipcode 38107
210,tennessee,38108,$40.00,2 Tutor(s) in Zipcode 38108
211,tennessee,38109,$54.25,4 Tutor(s) in Zipcode 38109
212,tennessee,38111,$43.95,19 Tutor(s) in Zipcode 38111
213,tennessee,38112,$31.67,3 Tutor(s) in Zipcode 38112
214,tennessee,38114,$40.00,1 Tutor(s) in Zipcode 38114
215,tennessee,38115,$40.71,7 Tutor(s) in Zipcode 38115
216,tennessee,38116,$50.00,1 Tutor(s) in Zipcode 38116
217,tennessee,38117,$44.23,13 Tutor(s) in Zipcode 38117
218,tennessee,38118,$45.00,2 Tutor(s) in Zipcode 38118
219,tennessee,38119,$39.78,9 Tutor(s) in Zipcode 38119
220,tennessee,38120,$34.38,8 Tutor(s) in Zipcode 38120
221,tennessee,38122,$43.00,5 Tutor(s) in Zipcode 38122
222,tennessee,38125,$46.36,11 Tutor(s) in Zipcode 38125
223,tennessee,38127,$40.00,6 Tutor(s) in Zipcode 38127
224,tennessee,38128,$50.00,3 Tutor(s) in Zipcode 38128
225,tennessee,38133,$38.00,5 Tutor(s) in Zipcode 38133
226,tennessee,38134,$41.91,11 Tutor(s) in Zipcode 38134
227,tennessee,38135,$42.50,6 Tutor(s) in Zipcode 38135
228,tennessee,38138,$43.18,11 Tutor(s) in Zipcode 38138
229,tennessee,38139,$44.29,7 Tutor(s) in Zipcode 38139
230,tennessee,38141,$43.75,4 Tutor(s) in Zipcode 38141
231,tennessee,38152,$37.50,2 Tutor(s) in Zipcode 38152
232,tennessee,38187,$35.00,1 Tutor(s) in Zipcode 38187
233,tennessee,38201,$41.67,6 Tutor(s) in Zipcode 38201
234,tennessee,38221,$55.00,1 Tutor(s) in Zipcode 38221
235,tennessee,38224,$45.00,1 Tutor(s) in Zipcode 38224
236,tennessee,38225,$50.00,1 Tutor(s) in Zipcode 38225
237,tennessee,38237,$43.00,5 Tutor(s) in Zipcode 38237
238,tennessee,38257,$30.00,1 Tutor(s) in Zipcode 38257
239,tennessee,38260,$20.00,1 Tutor(s) in Zipcode 38260
240,tennessee,38261,$41.67,3 Tutor(s) in Zipcode 38261
241,tennessee,38301,$46.67,3 Tutor(s) in Zipcode 38301
242,tennessee,38305,$38.18,11 Tutor(s) in Zipcode 38305
243,tennessee,38315,$65.00,1 Tutor(s) in Zipcode 38315
244,tennessee,38320,$40.00,1 Tutor(s) in Zipcode 38320
245,tennessee,38330,$52.50,2 Tutor(s) in Zipcode 38330
246,tennessee,38340,$65.00,1 Tutor(s) in Zipcode 38340
247,tennessee,38343,$42.50,2 Tutor(s) in Zipcode 38343
248,tennessee,38351,$55.00,2 Tutor(s) in Zipcode 38351
249,tennessee,38367,$35.00,1 Tutor(s) in Zipcode 38367
250,tennessee,38372,$50.00,1 Tutor(s) in Zipcode 38372
251,tennessee,38375,$46.67,3 Tutor(s) in Zipcode 38375
252,tennessee,38392,$50.00,1 Tutor(s) in Zipcode 38392
253,tennessee,38401,$35.60,10 Tutor(s) in Zipcode 38401
254,tennessee,38449,$40.00,1 Tutor(s) in Zipcode 38449
255,tennessee,38451,$50.00,1 Tutor(s) in Zipcode 38451
256,tennessee,38460,$50.00,1 Tutor(s) in Zipcode 38460
257,tennessee,38461,$40.00,1 Tutor(s) in Zipcode 38461
258,tennessee,38463,$50.00,1 Tutor(s) in Zipcode 38463
259,tennessee,38464,$45.00,2 Tutor(s) in Zipcode 38464
260,tennessee,38476,$40.00,1 Tutor(s) in Zipcode 38476
261,tennessee,38501,$41.25,4 Tutor(s) in Zipcode 38501
262,tennessee,38506,$38.33,3 Tutor(s) in Zipcode 38506
263,tennessee,38541,$40.00,1 Tutor(s) in Zipcode 38541
264,tennessee,38545,$25.00,1 Tutor(s) in Zipcode 38545
265,tennessee,38551,$50.00,1 Tutor(s) in Zipcode 38551
266,tennessee,38553,$45.00,1 Tutor(s) in Zipcode 38553
267,tennessee,38555,$46.00,5 Tutor(s) in Zipcode 38555
268,tennessee,38558,$55.00,1 Tutor(s) in Zipcode 38558
269,tennessee,38560,$35.00,1 Tutor(s) in Zipcode 38560
270,tennessee,38562,$40.00,1 Tutor(s) in Zipcode 38562
271,tennessee,38564,$35.00,1 Tutor(s) in Zipcode 38564
272,tennessee,38571,$38.75,4 Tutor(s) in Zipcode 38571
273,tennessee,38572,$27.50,2 Tutor(s) in Zipcode 38572
274,tennessee,38573,$25.00,1 Tutor(s) in Zipcode 38573
275,tennessee,38585,$40.00,1 Tutor(s) in Zipcode 38585
0,texas,75001,1,$60.00
1,texas,75002,15,$48.80
2,texas,75006,15,$44.20
3,texas,75007,16,$40.13
4,texas,75009,1,$20.00
5,texas,75010,6,$53.33
6,texas,75013,13,$43.92
7,texas,75019,25,$43.64
8,texas,75020,3,$45.00
9,texas,75021,2,$60.00
10,texas,75022,1,$45.00
11,texas,75023,22,$48.86
12,texas,75024,23,$45.00
13,texas,75025,29,$49.07
14,texas,75028,9,$48.33
15,texas,75030,1,$45.00
16,texas,75032,10,$52.00
17,texas,75033,9,$51.67
18,texas,75034,14,$46.07
19,texas,75035,26,$49.77
20,texas,75038,10,$38.90
21,texas,75039,11,$45.82
22,texas,75040,12,$49.00
23,texas,75041,6,$45.00
24,texas,75042,5,$39.00
25,texas,75043,13,$42.31
26,texas,75044,13,$46.77
27,texas,75045,1,$50.00
28,texas,75048,1,$30.00
29,texas,75050,10,$40.50
30,texas,75051,3,$45.00
31,texas,75052,15,$42.33
32,texas,75056,8,$44.25
33,texas,75057,2,$40.00
34,texas,75060,7,$44.29
35,texas,75061,10,$44.50
36,texas,75062,14,$43.93
37,texas,75063,20,$46.50
38,texas,75065,2,$52.50
39,texas,75067,15,$52.27
40,texas,75068,18,$37.39
41,texas,75069,13,$46.15
42,texas,75070,42,$49.67
43,texas,75071,16,$47.31
44,texas,75074,11,$47.27
45,texas,75075,25,$45.88
46,texas,75076,2,$47.50
47,texas,75077,10,$44.00
48,texas,75078,2,$77.50
49,texas,75080,18,$44.72
50,texas,75081,21,$43.29
51,texas,75082,2,$37.50
52,texas,75087,7,$47.14
53,texas,75088,7,$41.43
54,texas,75089,2,$42.50
55,texas,75090,4,$45.00
56,texas,75092,5,$45.00
57,texas,75093,26,$47.69
58,texas,75094,8,$38.13
59,texas,75098,12,$43.58
60,texas,75103,1,$40.00
61,texas,75104,3,$45.00
62,texas,75110,3,$36.67
63,texas,75114,1,$50.00
64,texas,75115,16,$44.38
65,texas,75116,3,$41.67
66,texas,75119,1,$40.00
67,texas,75126,4,$56.25
68,texas,75134,2,$45.00
69,texas,75137,3,$33.33
70,texas,75140,1,$35.00
71,texas,75142,3,$36.67
72,texas,75143,2,$42.50
73,texas,75146,4,$43.75
74,texas,75147,2,$60.00
75,texas,75149,10,$42.50
76,texas,75150,4,$40.00
77,texas,75154,5,$41.00
78,texas,75155,1,$40.00
79,texas,75156,1,$35.00
80,texas,75158,2,$42.50
81,texas,75159,3,$51.67
82,texas,75160,4,$37.50
83,texas,75161,1,$35.00
84,texas,75165,10,$51.00
85,texas,75167,1,$30.00
86,texas,75169,2,$37.50
87,texas,75180,1,$40.00
88,texas,75181,4,$42.50
89,texas,75182,1,$50.00
90,texas,75201,8,$37.25
91,texas,75202,2,$45.00
92,texas,75203,3,$45.00
93,texas,75204,17,$46.47
94,texas,75205,7,$47.14
95,texas,75206,21,$52.14
96,texas,75207,1,$40.00
97,texas,75208,9,$46.11
98,texas,75209,4,$51.25
99,texas,75211,4,$45.00
100,texas,75214,15,$51.00
101,texas,75215,2,$50.00
102,texas,75216,2,$47.50
103,texas,75217,3,$38.33
104,texas,75218,10,$47.50
105,texas,75219,8,$59.38
106,texas,75220,3,$56.67
107,texas,75223,3,$41.67
108,texas,75224,3,$46.67
109,texas,75225,5,$48.00
110,texas,75226,1,$60.00
111,texas,75227,2,$52.50
112,texas,75228,14,$43.57
113,texas,75229,7,$58.57
114,texas,75230,9,$68.33
115,texas,75231,11,$45.45
116,texas,75232,1,$45.00
117,texas,75233,1,$35.00
118,texas,75234,6,$57.50
119,texas,75235,6,$48.33
120,texas,75237,4,$52.50
121,texas,75238,5,$53.00
122,texas,75240,8,$70.63
123,texas,75241,2,$35.00
124,texas,75243,17,$42.94
125,texas,75244,7,$48.57
126,texas,75247,1,$50.00
127,texas,75248,19,$51.58
128,texas,75249,7,$38.71
129,texas,75251,2,$35.00
130,texas,75252,9,$42.44
131,texas,75253,1,$50.00
132,texas,75254,11,$42.91
133,texas,75287,26,$47.88
134,texas,75401,3,$38.33
135,texas,75402,2,$42.50
136,texas,75407,2,$47.50
137,texas,75409,2,$45.00
138,texas,75414,1,$45.00
139,texas,75422,2,$45.00
140,texas,75424,1,$50.00
141,texas,75428,3,$40.00
142,texas,75429,1,$30.00
143,texas,75433,1,$50.00
144,texas,75440,2,$40.00
145,texas,75454,2,$50.00
146,texas,75455,4,$37.50
147,texas,75459,1,$35.00
148,texas,75460,1,$30.00
149,texas,75474,1,$45.00
150,texas,75482,3,$31.67
151,texas,75489,1,$29.00
152,texas,75491,1,$50.00
153,texas,75495,1,$45.00
154,texas,75496,1,$35.00
155,texas,75501,2,$47.50
156,texas,75503,5,$46.00
157,texas,75551,1,$50.00
158,texas,75559,1,$40.00
159,texas,75561,1,$30.00
160,texas,75570,1,$50.00
161,texas,75601,2,$47.50
162,texas,75602,1,$30.00
163,texas,75604,6,$40.00
164,texas,75605,4,$37.50
165,texas,75631,1,$40.00
166,texas,75633,1,$35.00
167,texas,75645,1,$35.00
168,texas,75650,1,$35.00
169,texas,75651,1,$50.00
170,texas,75654,3,$35.00
171,texas,75660,1,$45.00
172,texas,75662,1,$40.00
173,texas,75668,1,$30.00
174,texas,75671,1,$45.00
175,texas,75672,1,$45.00
176,texas,75693,1,$35.00
177,texas,75701,18,$43.78
178,texas,75702,2,$45.00
179,texas,75703,13,$45.00
180,texas,75704,1,$35.00
181,texas,75706,2,$47.50
182,texas,75707,4,$48.25
183,texas,75709,3,$45.00
184,texas,75751,1,$45.00
185,texas,75754,1,$50.00
186,texas,75755,1,$35.00
187,texas,75757,2,$40.00
188,texas,75758,1,$40.00
189,texas,75762,5,$37.20
190,texas,75765,1,$40.00
191,texas,75766,2,$45.00
192,texas,75771,6,$49.17
193,texas,75773,1,$55.00
194,texas,75780,1,$40.00
195,texas,75783,1,$40.00
196,texas,75785,2,$37.50
197,texas,75790,1,$45.00
198,texas,75791,3,$40.00
199,texas,75799,1,$50.00
200,texas,75801,2,$37.50
201,texas,75803,1,$65.00
202,texas,75844,1,$50.00
203,texas,75861,2,$35.00
204,texas,75904,3,$38.33
205,texas,75928,1,$45.00
206,texas,75932,1,$45.00
207,texas,75938,1,$40.00
208,texas,75939,1,$40.00
209,texas,75941,1,$30.00
210,texas,75943,2,$40.00
211,texas,75949,1,$35.00
212,texas,75960,1,$60.00
213,texas,75961,3,$46.67
214,texas,75965,7,$42.86
215,texas,75969,1,$35.00
216,texas,76001,5,$41.00
217,texas,76002,12,$45.17
218,texas,76006,6,$44.17
219,texas,76008,1,$50.00
220,texas,76009,1,$40.00
221,texas,76010,7,$48.57
222,texas,76011,3,$45.00
223,texas,76012,6,$43.33
224,texas,76013,13,$42.69
225,texas,76014,4,$38.75
226,texas,76015,3,$32.33
227,texas,76016,6,$44.17
228,texas,76017,10,$41.50
229,texas,76018,3,$46.67
230,texas,76020,2,$45.00
231,texas,76021,10,$37.50
232,texas,76022,2,$47.50
233,texas,76023,2,$50.00
234,texas,76028,9,$43.33
235,texas,76031,2,$30.00
236,texas,76033,3,$46.67
237,texas,76034,6,$51.67
238,texas,76036,7,$43.14
239,texas,76039,7,$42.14
240,texas,76040,16,$42.81
241,texas,76043,1,$45.00
242,texas,76048,2,$45.00
243,texas,76049,6,$43.33
244,texas,76050,1,$25.00
245,texas,76051,13,$49.23
246,texas,76052,3,$43.33
247,texas,76053,3,$45.00
248,texas,76058,2,$40.00
249,texas,76060,1,$35.00
250,texas,76063,22,$45.23
251,texas,76065,2,$42.50
252,texas,76067,2,$37.50
253,texas,76071,1,$45.00
254,texas,76073,1,$35.00
255,texas,76082,3,$45.00
256,texas,76085,1,$50.00
257,texas,76086,2,$32.50
258,texas,76087,3,$46.67
259,texas,76092,4,$50.00
260,texas,76102,3,$38.33
261,texas,76103,2,$50.00
262,texas,76104,3,$55.00
263,texas,76106,1,$45.00
264,texas,76107,9,$47.89
265,texas,76108,2,$55.00
266,texas,76109,6,$40.83
267,texas,76110,3,$48.33
268,texas,76112,7,$42.86
269,texas,76114,1,$35.00
270,texas,76115,3,$38.33
271,texas,76116,22,$41.82
272,texas,76117,1,$50.00
273,texas,76118,2,$55.00
274,texas,76119,3,$36.67
275,texas,76120,3,$43.67
276,texas,76123,9,$46.67
277,texas,76126,2,$32.50
278,texas,76127,1,$45.00
279,texas,76131,5,$44.00
280,texas,76132,8,$53.75
281,texas,76133,6,$48.33
282,texas,76134,7,$47.57
283,texas,76135,3,$45.00
284,texas,76137,15,$47.33
285,texas,76140,3,$40.00
286,texas,76148,1,$40.00
287,texas,76177,2,$55.00
288,texas,76179,2,$32.50
289,texas,76180,7,$45.71
290,texas,76182,5,$54.00
291,texas,76201,27,$39.44
292,texas,76203,3,$40.00
293,texas,76204,1,$50.00
294,texas,76205,10,$39.50
295,texas,76207,2,$39.00
296,texas,76208,6,$34.17
297,texas,76209,15,$40.40
298,texas,76210,19,$41.00
299,texas,76226,3,$53.33
300,texas,76227,9,$41.67
301,texas,76234,1,$40.00
302,texas,76240,2,$52.50
303,texas,76244,10,$42.20
304,texas,76247,2,$47.50
305,texas,76248,7,$40.00
306,texas,76258,1,$40.00
307,texas,76259,1,$45.00
308,texas,76262,6,$50.00
309,texas,76266,1,$40.00
310,texas,76273,3,$35.00
311,texas,76302,2,$42.00
312,texas,76306,1,$25.00
313,texas,76308,7,$41.43
314,texas,76309,3,$44.33
315,texas,76310,2,$42.50
316,texas,76354,3,$33.33
317,texas,76367,1,$45.00
318,texas,76384,1,$40.00
319,texas,76401,6,$37.50
320,texas,76426,1,$50.00
321,texas,76433,1,$30.00
322,texas,76442,1,$30.00
323,texas,76457,1,$40.00
324,texas,76486,1,$45.00
325,texas,76501,3,$51.67
326,texas,76502,3,$46.67
327,texas,76504,3,$28.33
328,texas,76513,5,$42.00
329,texas,76522,5,$33.00
330,texas,76527,1,$45.00
331,texas,76528,3,$42.67
332,texas,76531,1,$20.00
333,texas,76537,1,$50.00
334,texas,76541,3,$35.67
335,texas,76542,10,$45.00
336,texas,76543,4,$43.75
337,texas,76544,2,$37.50
338,texas,76548,8,$37.50
339,texas,76549,5,$36.00
340,texas,76550,4,$26.25
341,texas,76554,1,$50.00
342,texas,76559,1,$27.00
343,texas,76567,1,$50.00
344,texas,76571,2,$40.00
345,texas,76574,2,$40.00
346,texas,76627,1,$30.00
347,texas,76631,1,$45.00
348,texas,76637,1,$45.00
349,texas,76639,1,$15.00
350,texas,76642,1,$45.00
351,texas,76643,1,$36.00
352,texas,76645,1,$50.00
353,texas,76651,1,$45.00
354,texas,76657,3,$45.00
355,texas,76692,1,$50.00
356,texas,76705,3,$43.33
357,texas,76706,11,$39.45
358,texas,76707,2,$35.00
359,texas,76708,1,$50.00
360,texas,76710,5,$47.00
361,texas,76712,8,$43.75
362,texas,76801,1,$30.00
363,texas,76823,1,$35.00
364,texas,76901,4,$37.00
365,texas,76903,1,$50.00
366,texas,76904,4,$40.75
367,texas,76905,1,$35.00
368,texas,76909,2,$42.50
369,texas,76941,2,$42.50
370,texas,77001,1,$45.00
371,texas,77002,8,$47.88
372,texas,77003,2,$45.00
373,texas,77004,16,$45.13
374,texas,77005,12,$77.25
375,texas,77006,17,$47.65
376,texas,77007,18,$51.39
377,texas,77008,9,$44.78
378,texas,77009,6,$63.33
379,texas,77011,1,$50.00
380,texas,77012,2,$26.00
381,texas,77014,4,$36.25
382,texas,77015,3,$51.00
383,texas,77016,1,$50.00
384,texas,77017,1,$45.00
385,texas,77018,3,$30.00
386,texas,77019,13,$51.54
387,texas,77021,4,$45.00
388,texas,77022,1,$40.00
389,texas,77023,2,$59.50
390,texas,77024,13,$54.08
391,texas,77025,8,$45.63
392,texas,77026,1,$45.00
393,texas,77027,9,$46.89
394,texas,77028,1,$50.00
395,texas,77029,1,$65.00
396,texas,77030,10,$58.40
397,texas,77031,4,$52.50
398,texas,77034,10,$42.20
399,texas,77035,7,$49.29
400,texas,77036,4,$42.50
401,texas,77038,1,$50.00
402,texas,77039,3,$65.00
403,texas,77040,7,$53.57
404,texas,77041,8,$44.38
405,texas,77042,23,$48.04
406,texas,77043,5,$42.00
407,texas,77044,7,$52.00
408,texas,77045,3,$50.00
409,texas,77047,4,$45.00
410,texas,77049,5,$39.00
411,texas,77050,1,$49.00
412,texas,77053,2,$50.00
413,texas,77054,17,$42.82
414,texas,77055,10,$46.00
415,texas,77056,8,$51.25
416,texas,77057,24,$48.96
417,texas,77058,9,$47.22
418,texas,77059,2,$47.50
419,texas,77061,2,$52.50
420,texas,77062,9,$51.11
421,texas,77063,19,$46.68
422,texas,77064,6,$48.33
423,texas,77065,9,$49.44
424,texas,77066,5,$42.00
425,texas,77067,2,$50.00
426,texas,77068,3,$43.33
427,texas,77069,6,$40.83
428,texas,77070,14,$49.21
429,texas,77071,8,$46.38
430,texas,77072,5,$41.00
431,texas,77073,7,$45.00
432,texas,77074,5,$41.00
433,texas,77075,4,$38.75
434,texas,77076,1,$50.00
435,texas,77077,25,$49.48
436,texas,77079,6,$40.83
437,texas,77080,3,$51.67
438,texas,77081,10,$60.00
439,texas,77082,13,$47.69
440,texas,77083,17,$44.41
441,texas,77084,16,$44.38
442,texas,77085,4,$49.50
443,texas,77086,2,$57.50
444,texas,77087,3,$38.33
445,texas,77088,5,$43.00
446,texas,77089,10,$38.80
447,texas,77090,6,$48.83
448,texas,77091,2,$55.00
449,texas,77092,5,$43.00
450,texas,77095,17,$50.29
451,texas,77096,21,$49.76
452,texas,77098,6,$51.67
453,texas,77099,4,$66.25
454,texas,77204,2,$45.00
455,texas,77266,1,$30.00
456,texas,77302,2,$42.50
457,texas,77303,3,$41.67
458,texas,77304,10,$45.00
459,texas,77316,6,$46.67
460,texas,77318,2,$45.00
461,texas,77320,4,$37.50
462,texas,77336,1,$35.00
463,texas,77338,4,$47.50
464,texas,77339,8,$48.38
465,texas,77340,8,$48.50
466,texas,77345,6,$38.33
467,texas,77346,10,$46.50
468,texas,77351,1,$40.00
469,texas,77354,8,$41.88
470,texas,77355,6,$47.50
471,texas,77356,4,$51.25
472,texas,77357,1,$60.00
473,texas,77358,1,$40.00
474,texas,77362,1,$45.00
475,texas,77365,3,$56.67
476,texas,77371,2,$37.50
477,texas,77373,10,$39.50
478,texas,77375,10,$43.30
479,texas,77377,13,$44.23
480,texas,77378,1,$30.00
481,texas,77379,15,$47.73
482,texas,77380,9,$45.22
483,texas,77381,15,$48.27
484,texas,77382,7,$49.29
485,texas,77384,6,$44.17
486,texas,77385,7,$55.71
487,texas,77386,6,$47.50
488,texas,77388,4,$43.75
489,texas,77389,8,$45.63
490,texas,77396,9,$44.11
491,texas,77401,8,$50.00
492,texas,77406,9,$43.89
493,texas,77407,16,$47.00
494,texas,77414,2,$37.50
495,texas,77429,14,$46.43
496,texas,77430,1,$45.00
497,texas,77433,24,$45.00
498,texas,77441,1,$45.00
499,texas,77445,2,$47.50
500,texas,77447,1,$20.00
501,texas,77449,20,$46.00
502,texas,77450,22,$46.95
503,texas,77459,26,$47.73
504,texas,77469,3,$42.33
505,texas,77471,5,$42.00
506,texas,77474,2,$45.00
507,texas,77477,11,$54.82
508,texas,77478,8,$43.75
509,texas,77479,40,$50.48
510,texas,77480,1,$40.00
511,texas,77488,1,$40.00
512,texas,77489,8,$48.13
513,texas,77493,3,$41.67
514,texas,77494,38,$46.11
515,texas,77498,18,$44.28
516,texas,77503,1,$35.00
517,texas,77504,4,$26.25
518,texas,77505,4,$38.75
519,texas,77506,1,$50.00
520,texas,77507,1,$40.00
521,texas,77511,10,$39.50
522,texas,77515,1,$45.00
523,texas,77521,3,$55.00
524,texas,77531,3,$40.00
525,texas,77532,2,$50.00
526,texas,77535,1,$50.00
527,texas,77536,4,$45.00
528,texas,77538,1,$35.00
529,texas,77539,8,$41.88
530,texas,77545,3,$56.67
531,texas,77546,20,$45.50
532,texas,77550,6,$38.33
533,texas,77551,6,$31.67
534,texas,77554,2,$37.50
535,texas,77562,1,$40.00
536,texas,77566,5,$41.00
537,texas,77571,3,$41.67
538,texas,77573,17,$43.94
539,texas,77575,2,$42.50
540,texas,77578,5,$41.00
541,texas,77581,8,$46.88
542,texas,77583,3,$41.67
543,texas,77584,27,$53.44
544,texas,77586,7,$40.57
545,texas,77590,1,$40.00
546,texas,77591,1,$25.00
547,texas,77598,12,$42.67
548,texas,77611,1,$40.00
549,texas,77619,1,$40.00
550,texas,77627,1,$50.00
551,texas,77632,2,$32.50
552,texas,77642,2,$35.00
553,texas,77656,1,$35.00
554,texas,77657,1,$40.00
555,texas,77661,1,$50.00
556,texas,77662,1,$35.00
557,texas,77665,1,$25.00
558,texas,77701,4,$30.75
559,texas,77705,4,$35.00
560,texas,77706,4,$46.25
561,texas,77710,1,$37.00
562,texas,77713,1,$30.00
563,texas,77801,5,$42.00
564,texas,77802,9,$42.00
565,texas,77803,6,$44.17
566,texas,77807,5,$41.00
567,texas,77808,1,$35.00
568,texas,77833,2,$37.50
569,texas,77835,1,$40.00
570,texas,77840,30,$37.37
571,texas,77841,1,$42.00
572,texas,77844,1,$30.00
573,texas,77845,14,$43.21
574,texas,77856,2,$27.50
575,texas,77873,1,$30.00
576,texas,77901,3,$40.00
577,texas,77963,1,$45.00
578,texas,77968,1,$50.00
579,texas,77975,1,$25.00
580,texas,78006,2,$57.50
581,texas,78009,3,$41.67
582,texas,78013,1,$35.00
583,texas,78015,2,$42.50
584,texas,78016,2,$40.00
585,texas,78023,9,$41.33
586,texas,78025,1,$40.00
587,texas,78028,4,$33.75
588,texas,78040,2,$35.00
589,texas,78041,1,$50.00
590,texas,78045,3,$43.33
591,texas,78046,3,$48.33
592,texas,78061,1,$40.00
593,texas,78070,3,$45.00
594,texas,78101,1,$30.00
595,texas,78102,1,$40.00
596,texas,78108,5,$49.40
597,texas,78109,5,$39.00
598,texas,78114,1,$50.00
599,texas,78121,1,$35.00
600,texas,78130,11,$41.36
601,texas,78132,2,$37.50
602,texas,78133,4,$47.50
603,texas,78148,2,$50.00
604,texas,78154,8,$41.75
605,texas,78155,2,$45.00
606,texas,78163,3,$42.67
607,texas,78201,5,$42.00
608,texas,78202,1,$25.00
609,texas,78204,1,$40.00
610,texas,78205,1,$40.00
611,texas,78208,1,$45.00
612,texas,78209,16,$40.00
613,texas,78210,1,$45.00
614,texas,78211,1,$15.00
615,texas,78212,9,$42.22
616,texas,78213,5,$39.60
617,texas,78214,1,$30.00
618,texas,78216,10,$41.50
619,texas,78217,2,$35.00
620,texas,78218,4,$38.75
621,texas,78221,1,$75.00
622,texas,78222,3,$40.00
623,texas,78223,4,$37.50
624,texas,78224,1,$35.00
625,texas,78225,1,$45.00
626,texas,78226,1,$40.00
627,texas,78227,3,$50.00
628,texas,78228,6,$41.67
629,texas,78229,11,$39.91
630,texas,78230,11,$39.09
631,texas,78231,3,$42.67
632,texas,78232,9,$45.56
633,texas,78233,8,$41.25
634,texas,78234,1,$35.00
635,texas,78237,1,$40.00
636,texas,78238,5,$73.00
637,texas,78239,4,$40.00
638,texas,78240,20,$46.75
639,texas,78242,1,$55.00
640,texas,78244,1,$45.00
641,texas,78245,2,$55.00
642,texas,78247,9,$47.00
643,texas,78248,4,$40.00
644,texas,78249,27,$47.41
645,texas,78250,12,$40.83
646,texas,78251,8,$38.75
647,texas,78252,1,$40.00
648,texas,78253,7,$45.43
649,texas,78254,14,$43.79
650,texas,78255,2,$37.50
651,texas,78256,3,$41.67
652,texas,78257,2,$52.50
653,texas,78258,12,$44.08
654,texas,78259,6,$50.00
655,texas,78260,5,$51.00
656,texas,78261,3,$41.67
657,texas,78263,1,$22.00
658,texas,78268,1,$45.00
659,texas,78362,1,$50.00
660,texas,78363,5,$45.00
661,texas,78382,1,$45.00
662,texas,78390,1,$45.00
663,texas,78401,2,$55.00
664,texas,78404,2,$55.00
665,texas,78408,1,$60.00
666,texas,78410,2,$47.50
667,texas,78411,4,$37.50
668,texas,78412,2,$42.50
669,texas,78413,6,$49.50
670,texas,78414,7,$43.57
671,texas,78418,3,$35.00
672,texas,78468,1,$45.00
673,texas,78501,6,$40.00
674,texas,78503,2,$37.50
675,texas,78504,6,$50.33
676,texas,78520,4,$33.75
677,texas,78521,1,$40.00
678,texas,78526,3,$31.67
679,texas,78537,2,$31.50
680,texas,78539,6,$35.83
681,texas,78540,1,$50.00
682,texas,78541,4,$46.25
683,texas,78542,4,$45.00
684,texas,78550,7,$34.29
685,texas,78552,1,$45.00
686,texas,78553,1,$35.00
687,texas,78566,2,$30.00
688,texas,78569,1,$40.00
689,texas,78570,3,$40.00
690,texas,78572,5,$36.00
691,texas,78574,1,$35.00
692,texas,78577,5,$38.00
693,texas,78580,2,$35.00
694,texas,78582,2,$45.00
695,texas,78586,1,$30.00
696,texas,78593,1,$35.00
697,texas,78602,5,$43.00
698,texas,78606,1,$75.00
699,texas,78610,2,$50.00
700,texas,78611,2,$40.00
701,texas,78612,1,$37.00
702,texas,78613,37,$45.76
703,texas,78617,1,$35.00
704,texas,78619,1,$20.00
705,texas,78620,2,$50.00
706,texas,78621,1,$40.00
707,texas,78626,5,$41.00
708,texas,78628,12,$40.83
709,texas,78633,7,$45.71
710,texas,78634,7,$35.71
711,texas,78640,3,$41.67
712,texas,78641,18,$37.83
713,texas,78642,5,$40.00
714,texas,78645,2,$40.00
715,texas,78652,1,$60.00
716,texas,78653,2,$45.00
717,texas,78654,1,$40.00
718,texas,78655,1,$40.00
719,texas,78660,22,$43.18
720,texas,78664,17,$47.94
721,texas,78665,10,$42.50
722,texas,78666,26,$36.92
723,texas,78669,1,$45.00
724,texas,78671,1,$40.00
725,texas,78676,1,$60.00
726,texas,78681,11,$42.73
727,texas,78701,8,$39.38
728,texas,78702,9,$42.78
729,texas,78703,8,$46.13
730,texas,78704,24,$46.46
731,texas,78705,41,$38.83
732,texas,78712,5,$36.00
733,texas,78713,1,$40.00
734,texas,78717,13,$49.23
735,texas,78721,1,$37.00
736,texas,78722,10,$42.40
737,texas,78723,16,$49.69
738,texas,78724,1,$45.00
739,texas,78725,2,$50.00
740,texas,78726,6,$42.50
741,texas,78727,10,$41.00
742,texas,78728,9,$45.44
743,texas,78729,14,$41.79
744,texas,78730,3,$48.33
745,texas,78731,18,$44.83
746,texas,78732,1,$45.00
747,texas,78733,7,$45.71
748,texas,78734,6,$41.67
749,texas,78735,6,$34.33
750,texas,78736,4,$47.50
751,texas,78737,7,$39.29
752,texas,78738,5,$46.00
753,texas,78739,5,$46.00
754,texas,78741,34,$47.85
755,texas,78744,8,$41.50
756,texas,78745,27,$46.63
757,texas,78746,10,$44.50
758,texas,78747,3,$56.67
759,texas,78748,22,$39.36
760,texas,78749,18,$42.56
761,texas,78750,9,$46.44
762,texas,78751,18,$41.39
763,texas,78752,11,$41.64
764,texas,78753,14,$43.57
765,texas,78754,4,$35.00
766,texas,78756,8,$43.13
767,texas,78757,8,$45.00
768,texas,78758,21,$43.33
769,texas,78759,21,$44.43
770,texas,78763,1,$60.00
771,texas,78766,1,$40.00
772,texas,78802,1,$40.00
773,texas,78837,2,$32.50
774,texas,78839,1,$30.00
775,texas,78840,3,$46.67
776,texas,78852,1,$50.00
777,texas,78861,4,$41.25
778,texas,78880,1,$30.00
779,texas,78942,1,$40.00
780,texas,78945,1,$40.00
781,texas,78947,1,$60.00
782,texas,78956,2,$37.50
783,texas,78957,2,$47.50
784,texas,79015,3,$32.33
785,texas,79016,1,$60.00
786,texas,79065,3,$43.33
787,texas,79072,1,$30.00
788,texas,79102,3,$46.67
789,texas,79106,1,$50.00
790,texas,79109,3,$48.33
791,texas,79110,1,$60.00
792,texas,79118,4,$41.25
793,texas,79121,1,$50.00
794,texas,79124,3,$45.00
795,texas,79225,1,$40.00
796,texas,79329,1,$55.00
797,texas,79331,1,$30.00
798,texas,79336,2,$52.50
799,texas,79347,1,$15.00
800,texas,79360,1,$40.00
801,texas,79372,1,$40.00
802,texas,79382,2,$31.50
803,texas,79401,7,$41.43
804,texas,79403,2,$32.50
805,texas,79404,1,$60.00
806,texas,79407,3,$43.33
807,texas,79409,1,$40.00
808,texas,79410,4,$37.50
809,texas,79412,2,$37.50
810,texas,79413,4,$37.75
811,texas,79414,4,$32.00
812,texas,79415,6,$35.83
813,texas,79416,8,$37.88
814,texas,79423,3,$46.67
815,texas,79424,4,$48.75
816,texas,79521,1,$45.00
817,texas,79536,1,$50.00
818,texas,79567,1,$35.00
819,texas,79601,2,$27.50
820,texas,79605,1,$40.00
821,texas,79606,1,$55.00
822,texas,79607,1,$25.00
823,texas,79701,1,$60.00
824,texas,79703,1,$45.00
825,texas,79705,1,$45.00
826,texas,79706,1,$40.00
827,texas,79707,7,$43.57
828,texas,79720,1,$50.00
829,texas,79731,1,$35.00
830,texas,79734,1,$30.00
831,texas,79756,1,$50.00
832,texas,79761,4,$41.25
833,texas,79762,9,$51.67
834,texas,79763,3,$35.00
835,texas,79764,1,$40.00
836,texas,79765,2,$70.00
837,texas,79778,1,$60.00
838,texas,79830,2,$35.00
839,texas,79831,1,$35.00
840,texas,79835,1,$35.00
841,texas,79901,1,$30.00
842,texas,79902,4,$33.75
843,texas,79903,3,$33.33
844,texas,79904,3,$35.00
845,texas,79905,1,$30.00
846,texas,79906,1,$45.00
847,texas,79907,5,$35.20
848,texas,79912,27,$40.41
849,texas,79913,1,$45.00
850,texas,79915,4,$36.25
851,texas,79922,3,$46.67
852,texas,79924,10,$41.00
853,texas,79925,15,$41.53
854,texas,79927,4,$38.75
855,texas,79928,2,$40.00
856,texas,79930,5,$34.00
857,texas,79932,5,$39.00
858,texas,79934,6,$32.50
859,texas,79935,1,$40.00
860,texas,79936,17,$38.18
861,texas,79938,8,$41.88
0,virginia,20105,4,$48.75
1,virginia,20109,13,$44.62
2,virginia,20110,13,$51.15
3,virginia,20111,6,$55.00
4,virginia,20112,8,$40.00
5,virginia,20115,3,$70.00
6,virginia,20117,1,$65.00
7,virginia,20119,1,$40.00
8,virginia,20120,14,$52.14
9,virginia,20121,12,$47.08
10,virginia,20122,1,$35.00
11,virginia,20124,2,$37.50
12,virginia,20131,1,$55.00
13,virginia,20132,8,$51.75
14,virginia,20135,1,$25.00
15,virginia,20136,12,$45.00
16,virginia,20137,1,$50.00
17,virginia,20141,3,$46.67
18,virginia,20143,1,$35.00
19,virginia,20147,23,$50.22
20,virginia,20148,10,$49.50
21,virginia,20151,7,$46.43
22,virginia,20152,2,$45.00
23,virginia,20155,8,$41.88
24,virginia,20164,13,$50.23
25,virginia,20165,14,$43.07
26,virginia,20166,5,$49.00
27,virginia,20169,8,$51.25
28,virginia,20170,14,$46.79
29,virginia,20171,17,$45.88
30,virginia,20175,9,$51.67
31,virginia,20176,7,$49.57
32,virginia,20186,2,$47.50
33,virginia,20187,2,$45.00
34,virginia,20190,12,$51.42
35,virginia,20191,15,$49.33
36,virginia,20194,9,$53.89
37,virginia,20198,1,$40.00
38,virginia,22003,20,$47.75
39,virginia,22015,25,$47.60
40,virginia,22025,6,$49.17
41,virginia,22026,5,$58.40
42,virginia,22027,1,$30.00
43,virginia,22030,28,$45.82
44,virginia,22031,16,$57.94
45,virginia,22032,8,$50.25
46,virginia,22033,21,$46.29
47,virginia,22039,6,$50.83
48,virginia,22041,9,$49.44
49,virginia,22042,11,$58.91
50,virginia,22043,14,$54.29
51,virginia,22044,5,$41.00
52,virginia,22046,11,$48.64
53,virginia,22066,3,$43.33
54,virginia,22079,7,$47.86
55,virginia,22101,21,$52.62
56,virginia,22102,12,$59.33
57,virginia,22124,11,$45.82
58,virginia,22125,1,$15.00
59,virginia,22150,10,$47.50
60,virginia,22151,4,$50.00
61,virginia,22152,12,$43.83
62,virginia,22153,13,$50.77
63,virginia,22180,11,$53.18
64,virginia,22181,10,$44.90
65,virginia,22182,10,$53.00
66,virginia,22191,18,$47.22
67,virginia,22192,15,$42.67
68,virginia,22193,16,$42.19
69,virginia,22201,30,$54.33
70,virginia,22202,20,$46.75
71,virginia,22203,20,$46.05
72,virginia,22204,17,$46.53
73,virginia,22205,10,$47.80
74,virginia,22206,13,$48.46
75,virginia,22207,7,$52.14
76,virginia,22209,19,$44.47
77,virginia,22215,1,$40.00
78,virginia,22230,1,$50.00
79,virginia,22301,6,$46.67
80,virginia,22302,16,$53.13
81,virginia,22303,5,$46.00
82,virginia,22304,30,$60.60
83,virginia,22305,11,$46.36
84,virginia,22306,10,$51.00
85,virginia,22307,1,$65.00
86,virginia,22308,2,$47.50
87,virginia,22309,11,$54.09
88,virginia,22310,9,$46.44
89,virginia,22311,13,$50.00
90,virginia,22312,11,$48.64
91,virginia,22314,17,$50.29
92,virginia,22315,11,$48.73
93,virginia,22401,24,$42.29
94,virginia,22402,1,$35.00
95,virginia,22405,7,$46.43
96,virginia,22406,10,$42.40
97,virginia,22407,8,$37.50
98,virginia,22408,9,$37.44
99,virginia,22427,1,$40.00
100,virginia,22443,2,$35.00
101,virginia,22473,1,$35.00
102,virginia,22482,1,$40.00
103,virginia,22485,5,$52.00
104,virginia,22508,4,$45.00
105,virginia,22514,1,$35.00
106,virginia,22520,1,$40.00
107,virginia,22546,4,$45.00
108,virginia,22551,4,$51.25
109,virginia,22553,3,$43.33
110,virginia,22554,17,$44.65
111,virginia,22556,7,$42.86
112,virginia,22572,1,$45.00
113,virginia,22580,3,$40.00
114,virginia,22601,13,$38.69
115,virginia,22602,5,$43.00
116,virginia,22603,2,$45.00
117,virginia,22610,1,$50.00
118,virginia,22611,3,$45.00
119,virginia,22620,1,$75.00
120,virginia,22625,2,$47.50
121,virginia,22630,13,$40.77
122,virginia,22642,3,$35.00
123,virginia,22645,2,$42.50
124,virginia,22654,1,$40.00
125,virginia,22655,7,$36.43
126,virginia,22657,4,$48.00
127,virginia,22663,1,$50.00
128,virginia,22664,2,$22.50
129,virginia,22701,7,$44.29
130,virginia,22712,4,$41.25
131,virginia,22715,1,$40.00
132,virginia,22724,1,$40.00
133,virginia,22727,1,$40.00
134,virginia,22728,1,$50.00
135,virginia,22734,2,$55.00
136,virginia,22747,1,$45.00
137,virginia,22801,15,$39.00
138,virginia,22802,4,$45.00
139,virginia,22807,3,$41.67
140,virginia,22812,3,$35.00
141,virginia,22815,1,$40.00
142,virginia,22824,1,$50.00
143,virginia,22827,1,$45.00
144,virginia,22841,1,$35.00
145,virginia,22844,1,$25.00
146,virginia,22846,1,$50.00
147,virginia,22849,1,$55.00
148,virginia,22853,1,$35.00
149,virginia,22901,19,$47.00
150,virginia,22902,14,$49.21
151,virginia,22903,37,$40.51
152,virginia,22904,4,$46.75
153,virginia,22911,2,$42.50
154,virginia,22932,1,$25.00
155,virginia,22936,2,$42.50
156,virginia,22939,3,$50.00
157,virginia,22942,1,$35.00
158,virginia,22946,1,$40.00
159,virginia,22947,2,$27.50
160,virginia,22949,1,$40.00
161,virginia,22952,2,$42.50
162,virginia,22958,1,$45.00
163,virginia,22960,1,$40.00
164,virginia,22963,5,$43.00
165,virginia,22973,1,$25.00
166,virginia,22974,1,$45.00
167,virginia,22980,9,$41.56
168,virginia,23005,6,$43.33
169,virginia,23011,1,$50.00
170,virginia,23024,3,$41.67
171,virginia,23030,1,$35.00
172,virginia,23032,1,$40.00
173,virginia,23040,1,$30.00
174,virginia,23059,11,$43.18
175,virginia,23060,19,$44.47
176,virginia,23061,5,$34.00
177,virginia,23063,1,$50.00
178,virginia,23065,2,$72.50
179,virginia,23071,1,$40.00
180,virginia,23072,3,$38.33
181,virginia,23075,1,$45.00
182,virginia,23089,3,$37.67
183,virginia,23093,3,$51.67
184,virginia,23102,1,$15.00
185,virginia,23111,7,$45.71
186,virginia,23112,17,$44.82
187,virginia,23113,4,$41.75
188,virginia,23114,10,$37.50
189,virginia,23116,8,$42.50
190,virginia,23117,3,$36.67
191,virginia,23120,2,$50.00
192,virginia,23138,1,$30.00
193,virginia,23139,9,$43.89
194,virginia,23146,1,$50.00
195,virginia,23149,2,$35.00
196,virginia,23150,2,$42.50
197,virginia,23168,5,$46.00
198,virginia,23173,2,$52.50
199,virginia,23181,4,$47.50
200,virginia,23185,21,$40.95
201,virginia,23186,1,$25.00
202,virginia,23188,19,$43.95
203,virginia,23192,1,$40.00
204,virginia,23219,4,$42.50
205,virginia,23220,25,$43.20
206,virginia,23221,6,$45.83
207,virginia,23222,5,$42.00
208,virginia,23223,10,$41.00
209,virginia,23224,6,$40.50
210,virginia,23225,12,$44.75
211,virginia,23226,10,$51.50
212,virginia,23227,5,$40.20
213,virginia,23228,17,$42.65
214,virginia,23229,10,$41.00
215,virginia,23230,1,$45.00
216,virginia,23231,4,$38.75
217,virginia,23233,8,$40.63
218,virginia,23234,5,$37.40
219,virginia,23235,8,$44.38
220,virginia,23236,12,$41.83
221,virginia,23237,3,$40.00
222,virginia,23238,8,$40.00
223,virginia,23284,1,$40.00
224,virginia,23294,11,$39.09
225,virginia,23298,1,$45.00
226,virginia,23310,2,$40.00
227,virginia,23314,2,$45.00
228,virginia,23316,1,$45.00
229,virginia,23320,20,$42.00
230,virginia,23321,15,$42.00
231,virginia,23322,22,$44.45
232,virginia,23323,17,$42.06
233,virginia,23324,2,$35.00
234,virginia,23325,8,$41.88
235,virginia,23404,1,$50.00
236,virginia,23410,1,$20.00
237,virginia,23417,1,$60.00
238,virginia,23418,1,$25.00
239,virginia,23420,1,$65.00
240,virginia,23430,4,$42.00
241,virginia,23434,10,$38.50
242,virginia,23435,10,$40.60
243,virginia,23451,22,$42.18
244,virginia,23452,25,$38.00
245,virginia,23453,11,$42.73
246,virginia,23454,20,$43.45
247,virginia,23455,9,$42.22
248,virginia,23456,16,$43.13
249,virginia,23461,1,$35.00
250,virginia,23462,21,$40.62
251,virginia,23464,23,$40.43
252,virginia,23502,4,$37.50
253,virginia,23503,4,$82.50
254,virginia,23504,5,$43.00
255,virginia,23505,7,$35.57
256,virginia,23507,5,$46.60
257,virginia,23508,7,$40.00
258,virginia,23509,4,$41.25
259,virginia,23510,5,$40.00
260,virginia,23513,4,$40.00
261,virginia,23517,3,$36.67
262,virginia,23518,3,$36.67
263,virginia,23523,2,$37.50
264,virginia,23601,6,$43.33
265,virginia,23602,15,$37.80
266,virginia,23603,1,$40.00
267,virginia,23605,2,$37.50
268,virginia,23606,6,$40.33
269,virginia,23608,12,$42.08
270,virginia,23661,5,$35.00
271,virginia,23662,1,$45.00
272,virginia,23663,3,$38.33
273,virginia,23664,2,$42.50
274,virginia,23666,15,$39.13
275,virginia,23669,12,$39.33
276,virginia,23690,1,$35.00
277,virginia,23692,4,$53.75
278,virginia,23693,9,$48.89
279,virginia,23696,4,$40.00
280,virginia,23701,3,$40.00
281,virginia,23702,2,$40.00
282,virginia,23703,11,$44.55
283,virginia,23704,3,$45.00
284,virginia,23707,2,$42.50
285,virginia,23803,3,$46.67
286,virginia,23805,1,$35.00
287,virginia,23831,10,$43.00
288,virginia,23832,12,$39.17
289,virginia,23834,7,$35.00
290,virginia,23836,3,$40.00
291,virginia,23837,1,$35.00
292,virginia,23838,6,$46.17
293,virginia,23847,2,$42.50
294,virginia,23851,1,$40.00
295,virginia,23860,5,$37.00
296,virginia,23867,1,$25.00
297,virginia,23882,1,$35.00
298,virginia,23898,1,$40.00
299,virginia,23901,10,$43.00
300,virginia,23921,1,$20.00
301,virginia,23927,1,$40.00
302,virginia,23936,2,$35.00
303,virginia,23943,1,$40.00
304,virginia,23944,1,$45.00
305,virginia,23967,1,$25.00
306,virginia,24012,7,$39.29
307,virginia,24014,3,$45.00
308,virginia,24015,6,$45.00
309,virginia,24016,5,$43.00
310,virginia,24017,3,$46.67
311,virginia,24018,12,$37.08
312,virginia,24019,7,$39.86
313,virginia,24060,24,$42.29
314,virginia,24061,2,$37.50
315,virginia,24067,1,$45.00
316,virginia,24073,10,$41.50
317,virginia,24083,2,$35.00
318,virginia,24090,1,$30.00
319,virginia,24091,2,$35.00
320,virginia,24095,1,$50.00
321,virginia,24112,1,$45.00
322,virginia,24120,2,$35.00
323,virginia,24121,1,$40.00
324,virginia,24133,1,$35.00
325,virginia,24141,9,$40.56
326,virginia,24151,1,$50.00
327,virginia,24153,12,$36.25
328,virginia,24175,2,$32.50
329,virginia,24179,5,$35.00
330,virginia,24201,3,$41.67
331,virginia,24202,3,$45.00
332,virginia,24210,2,$35.00
333,virginia,24211,1,$40.00
334,virginia,24216,1,$40.00
335,virginia,24224,1,$50.00
336,virginia,24230,1,$35.00
337,virginia,24246,1,$30.00
338,virginia,24251,2,$45.00
339,virginia,24260,1,$45.00
340,virginia,24263,1,$35.00
341,virginia,24266,2,$40.00
342,virginia,24280,1,$50.00
343,virginia,24293,4,$36.25
344,virginia,24319,1,$80.00
345,virginia,24328,1,$35.00
346,virginia,24330,1,$15.00
347,virginia,24333,2,$33.50
348,virginia,24340,1,$40.00
349,virginia,24343,1,$15.00
350,virginia,24348,1,$40.00
351,virginia,24361,2,$42.50
352,virginia,24382,1,$36.00
353,virginia,24401,16,$41.56
354,virginia,24416,2,$35.00
355,virginia,24421,1,$50.00
356,virginia,24440,1,$45.00
357,virginia,24441,1,$40.00
358,virginia,24450,6,$45.83
359,virginia,24460,1,$25.00
360,virginia,24477,2,$37.50
361,virginia,24479,1,$55.00
362,virginia,24482,1,$75.00
363,virginia,24501,13,$35.77
364,virginia,24502,29,$40.10
365,virginia,24503,8,$44.38
366,virginia,24504,5,$40.00
367,virginia,24506,1,$40.00
368,virginia,24515,2,$40.00
369,virginia,24521,3,$41.67
370,virginia,24522,1,$40.00
371,virginia,24523,8,$36.88
372,virginia,24527,1,$50.00
373,virginia,24531,2,$47.50
374,virginia,24540,4,$46.25
375,virginia,24541,5,$41.00
376,virginia,24551,5,$47.60
377,virginia,24558,1,$35.00
378,virginia,24565,1,$50.00
379,virginia,24572,2,$35.00
380,virginia,24588,1,$38.00
381,virginia,24590,1,$35.00
382,virginia,24592,2,$39.50
383,virginia,24630,1,$40.00
